product_id,product_name,category,subcategory,cost_price
P00001,Catch Kid Development,Clothing,Kids,19620.04
P00002,Similar Kid Age,Clothing,Kids,14281.96
P00003,Perform Academic Mother,Books,Academic,19464.19
P00004,Condition Non-Fiction Candidate,Books,Non-Fiction,20041.42
P00005,Hit Kid Seek,Clothing,Kids,9311.74
P00006,Rather Accessorie Structure,Electronics,Accessories,7162.32
P00007,Always Kid How,Clothing,Kids,12858.15
P00008,Under Fiction Push,Books,Fiction,5589.85
P00009,Especially Comic Spend,Books,Comics,10401.68
P00010,Nor Children Price,Books,Children,9684.84
P00011,Anything Headphone Phone,Electronics,Headphones,8001.19
P00012,Anything Headphone Recently,Electronics,Headphones,3483.11
P00013,Box Bedding Ready,Home,Bedding,3512.88
P00014,Think Academic Again,Books,Academic,22651.14
P00015,Anything Headphone Road,Electronics,Headphones,3780.51
P00016,Business Fiction Keep,Books,Fiction,5979.12
P00017,Life Mobile Husband,Electronics,Mobiles,15991.85
P00018,Candidate Fiction Officer,Books,Fiction,14938.64
P00019,Entire Accessorie Matter,Electronics,Accessories,17977.68
P00020,Science Bedding Claim,Home,Bedding,14288.06
P00021,Describe Men Run,Clothing,Men,9047.06
P00022,Rich Camera Professor,Electronics,Cameras,1136.18
P00023,Act Comic Fish,Books,Comics,455.24
P00024,Kitchen Headphone Recently,Electronics,Headphones,16444.75
P00025,Blood Accessorie Recognize,Electronics,Accessories,8346.34
P00026,Nature Headphone Expect,Electronics,Headphones,20347.05
P00027,Prevent Footwear Police,Clothing,Footwear,11989.35
P00028,School Women Certain,Clothing,Women,11469.11
P00029,Kid Furniture Then,Home,Furniture,1095.55
P00030,Way Storage Book,Home,Storage,20394.38
P00031,Much Comic Serve,Books,Comics,7188.47
P00032,Prepare Headphone Buy,Electronics,Headphones,19993.59
P00033,Fear Academic Build,Books,Academic,22371.21
P00034,Still Comic Born,Books,Comics,12430.27
P00035,Modern Comic Decide,Books,Comics,13005.93
P00036,Politics Camera Decision,Electronics,Cameras,20567.41
P00037,Star Decor Everyone,Home,Decor,7426.22
P00038,Theory Children Necessary,Books,Children,4207.79
P00039,Defense Comic Help,Books,Comics,18184.02
P00040,Score Storage It,Home,Storage,6900.16
P00041,Find Mobile College,Electronics,Mobiles,10184.95
P00042,Among Men Official,Clothing,Men,19543.73
P00043,Model Laptop Whether,Electronics,Laptops,9189.9
P00044,Despite Children Rise,Books,Children,11275.57
P00045,Worker Decor Medical,Home,Decor,1968.29
P00046,Give Winterwear Easy,Clothing,Winterwear,7893.92
P00047,Able Furniture Add,Home,Furniture,696.54
P00048,Remain Footwear Behind,Clothing,Footwear,22842.89
P00049,What Headphone Bring,Electronics,Headphones,17615.74
P00050,Thing Winterwear Painting,Clothing,Winterwear,22916.15
P00051,Relationship Non-Fiction Minute,Books,Non-Fiction,11328.46
P00052,Church Fiction Believe,Books,Fiction,24190.65
P00053,State Decor Much,Home,Decor,13772.43
P00054,Bad Decor Several,Home,Decor,17809.64
P00055,Several Kid Blood,Clothing,Kids,3077.99
P00056,West Women Establish,Clothing,Women,12375.85
P00057,Quickly Storage During,Home,Storage,11711.78
P00058,Loss Winterwear Fine,Clothing,Winterwear,1690.42
P00059,Everything Academic Majority,Books,Academic,19240.66
P00060,Apply Laptop Black,Electronics,Laptops,16076.35
P00061,Tax Academic Contain,Books,Academic,8645.64
P00062,Two Women Among,Clothing,Women,22772.27
P00063,Together Mobile Fill,Electronics,Mobiles,7637.91
P00064,Here Kid Suddenly,Clothing,Kids,5675.48
P00065,Research Kitchen Form,Home,Kitchen,15894.67
P00066,Last Furniture Single,Home,Furniture,15379.99
P00067,Business Accessorie Beyond,Electronics,Accessories,14815.62
P00068,Today Women Son,Clothing,Women,18029.79
P00069,Voice Storage Answer,Home,Storage,2076.51
P00070,Act Furniture Together,Home,Furniture,10443.84
P00071,Certainly Camera Record,Electronics,Cameras,13662.16
P00072,Radio Bedding Conference,Home,Bedding,20193.37
P00073,Get Comic Help,Books,Comics,17230.91
P00074,Wall Footwear Left,Clothing,Footwear,11637.83
P00075,Pretty Storage Executive,Home,Storage,8016.94
P00076,Unit Bedding Significant,Home,Bedding,14063.2
P00077,Better Furniture Hotel,Home,Furniture,6723.42
P00078,Teacher Women Guess,Clothing,Women,9634.54
P00079,Cover Non-Fiction Build,Books,Non-Fiction,22562.66
P00080,Institution Storage Instead,Home,Storage,4786.36
P00081,Loss Footwear Expert,Clothing,Footwear,11697.04
P00082,Thing Bedding Image,Home,Bedding,12660.84
P00083,Road Women Today,Clothing,Women,1264.02
P00084,Mean Bedding Such,Home,Bedding,21079.1
P00085,Know Comic Range,Books,Comics,21186.95
P00086,Various Non-Fiction Subject,Books,Non-Fiction,18201.33
P00087,Compare Comic Budget,Books,Comics,14067.33
P00088,Cause Storage Safe,Home,Storage,9689.4
P00089,She Children Artist,Books,Children,24727.81
P00090,Yes Laptop Three,Electronics,Laptops,9877.9
P00091,Collection Storage Body,Home,Storage,18886.38
P00092,Keep Winterwear Which,Clothing,Winterwear,12526.94
P00093,Performance Mobile Meeting,Electronics,Mobiles,11869.92
P00094,Suffer Non-Fiction Outside,Books,Non-Fiction,12911.87
P00095,Resource Storage Left,Home,Storage,9854.22
P00096,Course Storage Popular,Home,Storage,20715.82
P00097,Hundred Children Start,Books,Children,20402.93
P00098,Her Decor Population,Home,Decor,24498.46
P00099,Air Kitchen Travel,Home,Kitchen,6674.98
P00100,Return Men Up,Clothing,Men,4304.28
P00101,This Non-Fiction Short,Books,Non-Fiction,6092.8
P00102,Wait Laptop Case,Electronics,Laptops,3828.21
P00103,Meeting Footwear Wife,Clothing,Footwear,15306.38
P00104,Method Fiction Budget,Books,Fiction,12991.15
P00105,Very Bedding Its,Home,Bedding,7878.13
P00106,Let Footwear Any,Clothing,Footwear,8591.06
P00107,At Decor Every,Home,Decor,4846.99
P00108,Real Kid Former,Clothing,Kids,5660.43
P00109,Actually Decor Sea,Home,Decor,17271.49
P00110,Trouble Comic Resource,Books,Comics,14034.17
P00111,Network Decor Speak,Home,Decor,9523.37
P00112,Six Comic Part,Books,Comics,20125.17
P00113,Shake Kitchen Other,Home,Kitchen,17867.83
P00114,Door Bedding Relationship,Home,Bedding,18696.1
P00115,Tv Women Ground,Clothing,Women,6814.76
P00116,Natural Furniture Necessary,Home,Furniture,6020.09
P00117,Rise Accessorie School,Electronics,Accessories,5859.27
P00118,Present Camera Beyond,Electronics,Cameras,11836.48
P00119,Lead Men Recently,Clothing,Men,24448.87
P00120,Short Footwear Energy,Clothing,Footwear,22022.15
P00121,Meet Academic Half,Books,Academic,18909.98
P00122,Record Decor Require,Home,Decor,1526.11
P00123,Put Accessorie Image,Electronics,Accessories,18480.23
P00124,Church Laptop Those,Electronics,Laptops,20948.24
P00125,The Camera Open,Electronics,Cameras,4698.48
P00126,Wait Kitchen Position,Home,Kitchen,2727.15
P00127,Arm Decor Activity,Home,Decor,16050.74
P00128,Question Non-Fiction World,Books,Non-Fiction,11727.12
P00129,Close Men Mouth,Clothing,Men,18291.42
P00130,Time Furniture Manager,Home,Furniture,7410.86
P00131,Together Women Mission,Clothing,Women,15986.21
P00132,True Academic Company,Books,Academic,2214.11
P00133,Bad Laptop Society,Electronics,Laptops,11962.48
P00134,Million Men Full,Clothing,Men,5926.26
P00135,Effect Decor Give,Home,Decor,18085.92
P00136,Fall Headphone Apply,Electronics,Headphones,17334.58
P00137,Movement Mobile Dog,Electronics,Mobiles,4034.93
P00138,Oil Kitchen Question,Home,Kitchen,23518.86
P00139,Human Storage Interesting,Home,Storage,23936.15
P00140,Technology Non-Fiction Easy,Books,Non-Fiction,24721.51
P00141,Bar Bedding Machine,Home,Bedding,22824.28
P00142,Life Women Suddenly,Clothing,Women,14915.57
P00143,Page Accessorie Line,Electronics,Accessories,17608.96
P00144,Behavior Accessorie Tough,Electronics,Accessories,22577.06
P00145,Moment Winterwear Likely,Clothing,Winterwear,4155.2
P00146,Four Fiction By,Books,Fiction,17937.1
P00147,Modern Fiction Skill,Books,Fiction,11164.79
P00148,Ready Camera Affect,Electronics,Cameras,14119.58
P00149,Board Comic International,Books,Comics,9928.92
P00150,Itself Laptop Also,Electronics,Laptops,1179.98
P00151,Onto Kitchen Often,Home,Kitchen,1553.38
P00152,A Camera That,Electronics,Cameras,19235.85
P00153,Benefit Comic Strong,Books,Comics,9592.87
P00154,Pm Academic Present,Books,Academic,21870.12
P00155,Public Kid Fly,Clothing,Kids,9856.81
P00156,Voice Women Movie,Clothing,Women,18916.68
P00157,Or Bedding Design,Home,Bedding,13633.91
P00158,Real Non-Fiction Remain,Books,Non-Fiction,8686.69
P00159,Loss Furniture Growth,Home,Furniture,18139.35
P00160,Himself Mobile That,Electronics,Mobiles,10510.05
P00161,Arm Laptop Technology,Electronics,Laptops,2567.37
P00162,Dog Camera Three,Electronics,Cameras,17596.99
P00163,Look Laptop Glass,Electronics,Laptops,10086.52
P00164,Opportunity Winterwear Speak,Clothing,Winterwear,21600.07
P00165,President Laptop Plan,Electronics,Laptops,7267.12
P00166,Material Storage Sense,Home,Storage,16829.67
P00167,Realize Furniture Himself,Home,Furniture,3624.35
P00168,Sense Footwear Local,Clothing,Footwear,1570.89
P00169,Build Footwear Bill,Clothing,Footwear,1219.76
P00170,Song Bedding Reason,Home,Bedding,8002.42
P00171,Doctor Academic Able,Books,Academic,18872.68
P00172,Growth Non-Fiction Hear,Books,Non-Fiction,7553.37
P00173,Themselves Footwear Property,Clothing,Footwear,14081.53
P00174,Such Children Film,Books,Children,9741.06
P00175,Officer Furniture Nearly,Home,Furniture,2022.81
P00176,Hour Comic Science,Books,Comics,4802.52
P00177,Born Bedding Answer,Home,Bedding,15092.91
P00178,Watch Laptop Community,Electronics,Laptops,14710.21
P00179,Mind Footwear Challenge,Clothing,Footwear,22680.47
P00180,Term Kitchen Series,Home,Kitchen,4791.09
P00181,Situation Camera Set,Electronics,Cameras,17405.88
P00182,It Footwear Both,Clothing,Footwear,13824.38
P00183,Environmental Bedding Popular,Home,Bedding,16235.6
P00184,Deal Decor Cup,Home,Decor,22076.16
P00185,Camera Fiction Wonder,Books,Fiction,18074.22
P00186,Together Furniture Increase,Home,Furniture,10377.56
P00187,Dinner Women Lot,Clothing,Women,14621.6
P00188,Thank Comic Station,Books,Comics,8280.14
P00189,Cut Children Sense,Books,Children,12507.57
P00190,Ground Decor Box,Home,Decor,12241.1
P00191,Sometimes Academic Join,Books,Academic,19884.64
P00192,Any Women With,Clothing,Women,12233.49
P00193,Property Accessorie Third,Electronics,Accessories,23632.44
P00194,Remember Mobile Per,Electronics,Mobiles,21071.49
P00195,Candidate Men Sport,Clothing,Men,278.08
P00196,Wait Comic Little,Books,Comics,23350.9
P00197,Lot Academic Reason,Books,Academic,10312.9
P00198,Perform Accessorie Mother,Electronics,Accessories,13416.67
P00199,Center Kitchen Moment,Home,Kitchen,17461.58
P00200,Above Non-Fiction Nice,Books,Non-Fiction,3764.99
P00201,Simply Winterwear Anything,Clothing,Winterwear,20389.6
P00202,On Bedding Worry,Home,Bedding,11501.99
P00203,Lead Women This,Clothing,Women,20710.15
P00204,Pay Mobile Meeting,Electronics,Mobiles,13839.9
P00205,Window Mobile Movie,Electronics,Mobiles,2113.02
P00206,Statement Comic Will,Books,Comics,21456.11
P00207,Whether Accessorie Cost,Electronics,Accessories,5782.67
P00208,Role Comic Particular,Books,Comics,23143.34
P00209,Consumer Laptop Side,Electronics,Laptops,7896.39
P00210,Teacher Winterwear Career,Clothing,Winterwear,20531.51
P00211,Body Headphone Impact,Electronics,Headphones,6049.78
P00212,Really Children Plan,Books,Children,18902.45
P00213,Police Men Us,Clothing,Men,24359.37
P00214,Fund Mobile Mother,Electronics,Mobiles,20974.93
P00215,Upon Storage If,Home,Storage,23873.72
P00216,Kid Comic Politics,Books,Comics,24815.02
P00217,Whole Non-Fiction Room,Books,Non-Fiction,23531.51
P00218,Sound Non-Fiction Energy,Books,Non-Fiction,16533.76
P00219,Eye Accessorie Information,Electronics,Accessories,6198.92
P00220,Gun Mobile Financial,Electronics,Mobiles,9531.0
P00221,Local Footwear Support,Clothing,Footwear,2708.45
P00222,Cell Headphone Certainly,Electronics,Headphones,19045.59
P00223,Itself Laptop Play,Electronics,Laptops,13946.78
P00224,Scene Fiction Various,Books,Fiction,2371.95
P00225,Smile Bedding Music,Home,Bedding,19490.27
P00226,Firm Winterwear Threat,Clothing,Winterwear,17148.63
P00227,Science Women Officer,Clothing,Women,6746.75
P00228,Traditional Men Former,Clothing,Men,6935.25
P00229,Seek Bedding Since,Home,Bedding,9060.07
P00230,Worry Footwear On,Clothing,Footwear,4928.93
P00231,Project Laptop Director,Electronics,Laptops,23723.15
P00232,Deep Storage Determine,Home,Storage,21561.85
P00233,Probably Comic Send,Books,Comics,20597.2
P00234,Fill Kid Right,Clothing,Kids,23684.61
P00235,Hair Footwear Will,Clothing,Footwear,24116.14
P00236,Remember Decor Cause,Home,Decor,15840.92
P00237,See Kid Rate,Clothing,Kids,20421.54
P00238,Could Comic Most,Books,Comics,14826.06
P00239,Occur Winterwear Rule,Clothing,Winterwear,23577.22
P00240,Public Footwear Future,Clothing,Footwear,20790.48
P00241,See Camera Business,Electronics,Cameras,3522.52
P00242,Sort Furniture He,Home,Furniture,3895.87
P00243,Or Academic Media,Books,Academic,12006.91
P00244,Pass Children Own,Books,Children,23013.79
P00245,Yes Children Region,Books,Children,17555.78
P00246,See Mobile Key,Electronics,Mobiles,16457.16
P00247,Represent Furniture Small,Home,Furniture,1155.2
P00248,Wall Comic Thought,Books,Comics,10789.87
P00249,None Mobile Feeling,Electronics,Mobiles,12791.37
P00250,Understand Footwear Throw,Clothing,Footwear,11603.43
P00251,Knowledge Kid System,Clothing,Kids,12095.14
P00252,Add Bedding Necessary,Home,Bedding,2192.08
P00253,Both Kid Ago,Clothing,Kids,11410.55
P00254,I Winterwear Check,Clothing,Winterwear,11930.26
P00255,Argue Academic Religious,Books,Academic,7541.59
P00256,Arrive Mobile Decision,Electronics,Mobiles,16216.85
P00257,Example Women Social,Clothing,Women,13820.16
P00258,Stock Storage College,Home,Storage,11578.25
P00259,Few Non-Fiction Result,Books,Non-Fiction,16449.83
P00260,Enough Fiction Child,Books,Fiction,22083.28
P00261,Those Children Assume,Books,Children,161.03
P00262,Rock Women Still,Clothing,Women,17608.81
P00263,Find Accessorie Democrat,Electronics,Accessories,4714.65
P00264,Some Furniture Number,Home,Furniture,6595.72
P00265,Alone Children Her,Books,Children,7869.43
P00266,Teach Children Local,Books,Children,2900.09
P00267,Blue Bedding Power,Home,Bedding,20352.77
P00268,Trip Storage Republican,Home,Storage,16819.15
P00269,Sister Kitchen Or,Home,Kitchen,2967.88
P00270,Treatment Furniture Door,Home,Furniture,10485.07
P00271,Situation Winterwear Radio,Clothing,Winterwear,4684.55
P00272,Option Winterwear Improve,Clothing,Winterwear,7256.43
P00273,Economy Kid Much,Clothing,Kids,15504.28
P00274,Still Kitchen Style,Home,Kitchen,4918.46
P00275,Success Children Safe,Books,Children,12399.5
P00276,Field Academic Room,Books,Academic,11124.1
P00277,Red Men Anyone,Clothing,Men,19907.23
P00278,With Kid I,Clothing,Kids,7252.32
P00279,Impact Children Keep,Books,Children,19159.69
P00280,Story Accessorie Reveal,Electronics,Accessories,20590.91
P00281,Form Storage Old,Home,Storage,1088.18
P00282,Arm Children Add,Books,Children,10657.61
P00283,Six Kid Enter,Clothing,Kids,854.15
P00284,Degree Decor Pressure,Home,Decor,2220.23
P00285,Trouble Laptop Statement,Electronics,Laptops,18453.44
P00286,Traditional Storage Truth,Home,Storage,4191.24
P00287,Level Women Themselves,Clothing,Women,20145.74
P00288,Down Storage Which,Home,Storage,13492.28
P00289,Property Decor Sea,Home,Decor,6720.21
P00290,Security Laptop Raise,Electronics,Laptops,19652.99
P00291,Hold Headphone Someone,Electronics,Headphones,3215.86
P00292,Per Women Office,Clothing,Women,6226.49
P00293,Single Academic Player,Books,Academic,15713.93
P00294,Debate Academic Stand,Books,Academic,19233.66
P00295,Share Children Daughter,Books,Children,17382.86
P00296,Financial Bedding List,Home,Bedding,8215.87
P00297,Cost Mobile Result,Electronics,Mobiles,11488.31
P00298,Bad Kitchen Culture,Home,Kitchen,9973.01
P00299,Consumer Non-Fiction Simple,Books,Non-Fiction,8105.49
P00300,My Decor Call,Home,Decor,3308.33
P00301,Huge Comic Amount,Books,Comics,19068.24
P00302,Later Mobile Family,Electronics,Mobiles,20925.72
P00303,Only Mobile Everything,Electronics,Mobiles,3991.69
P00304,Case Fiction College,Books,Fiction,10723.59
P00305,Pattern Kid Throughout,Clothing,Kids,23321.5
P00306,Especially Kitchen Accept,Home,Kitchen,6297.21
P00307,Give Furniture Man,Home,Furniture,18163.41
P00308,Security Footwear Write,Clothing,Footwear,17607.27
P00309,Clear Laptop Among,Electronics,Laptops,3360.86
P00310,Class Winterwear Without,Clothing,Winterwear,281.71
P00311,Future Kitchen Picture,Home,Kitchen,10586.73
P00312,Approach Footwear Staff,Clothing,Footwear,18282.55
P00313,Work Mobile Process,Electronics,Mobiles,22030.68
P00314,Power Footwear Threat,Clothing,Footwear,18841.29
P00315,Recently Women Fish,Clothing,Women,15277.47
P00316,Military Footwear Strategy,Clothing,Footwear,5365.73
P00317,Page Footwear Oil,Clothing,Footwear,11087.48
P00318,Help Men Baby,Clothing,Men,3543.33
P00319,Step Accessorie Second,Electronics,Accessories,8820.81
P00320,Friend Comic Never,Books,Comics,6232.27
P00321,Discussion Laptop Create,Electronics,Laptops,15020.2
P00322,Near Kitchen Author,Home,Kitchen,16477.21
P00323,Stop Furniture Mouth,Home,Furniture,12762.59
P00324,Collection Comic Just,Books,Comics,19605.85
P00325,Of Footwear Not,Clothing,Footwear,6064.99
P00326,International Accessorie Best,Electronics,Accessories,351.07
P00327,Happy Decor Do,Home,Decor,14231.09
P00328,Use Storage Different,Home,Storage,19080.01
P00329,Record Mobile Glass,Electronics,Mobiles,394.15
P00330,Glass Men Herself,Clothing,Men,23719.57
P00331,Finally Children Discover,Books,Children,17830.1
P00332,Soldier Academic Present,Books,Academic,2106.57
P00333,Nice Kid May,Clothing,Kids,23027.08
P00334,Option Winterwear Than,Clothing,Winterwear,14681.61
P00335,Soldier Headphone Range,Electronics,Headphones,18262.46
P00336,Act Men Building,Clothing,Men,23119.46
P00337,Relate Camera Half,Electronics,Cameras,1422.96
P00338,Like Men Effect,Clothing,Men,333.2
P00339,West Comic Quality,Books,Comics,19585.53
P00340,Positive Furniture Why,Home,Furniture,18756.92
P00341,Pretty Kitchen Either,Home,Kitchen,782.44
P00342,Among Comic Rest,Books,Comics,6610.59
P00343,Value Camera Full,Electronics,Cameras,9035.09
P00344,I Children Whole,Books,Children,3974.88
P00345,Style Accessorie You,Electronics,Accessories,2927.57
P00346,Build Mobile Imagine,Electronics,Mobiles,356.59
P00347,Establish Camera Now,Electronics,Cameras,23009.65
P00348,Shake Men Fear,Clothing,Men,22852.99
P00349,Ago Non-Fiction Which,Books,Non-Fiction,10435.6
P00350,Nation Decor Term,Home,Decor,14309.82
P00351,Speech Accessorie House,Electronics,Accessories,1364.17
P00352,My Winterwear Suggest,Clothing,Winterwear,23854.28
P00353,Movie Camera Like,Electronics,Cameras,19349.51
P00354,Message Decor Animal,Home,Decor,9254.54
P00355,Fine Storage Water,Home,Storage,18502.42
P00356,Reach Footwear Data,Clothing,Footwear,24297.85
P00357,Full Winterwear My,Clothing,Winterwear,6165.92
P00358,Beautiful Camera Yourself,Electronics,Cameras,15916.75
P00359,Big Headphone Computer,Electronics,Headphones,21232.7
P00360,Spring Kitchen Note,Home,Kitchen,24578.74
P00361,None Academic Account,Books,Academic,24315.35
P00362,Produce Kid Attorney,Clothing,Kids,22437.32
P00363,Develop Comic Religious,Books,Comics,18710.09
P00364,Professional Accessorie Staff,Electronics,Accessories,1917.02
P00365,Different Camera Treatment,Electronics,Cameras,3311.17
P00366,Reveal Decor Language,Home,Decor,23154.75
P00367,Thing Comic Body,Books,Comics,6835.3
P00368,Describe Laptop Note,Electronics,Laptops,2768.87
P00369,Them Laptop Scientist,Electronics,Laptops,7885.13
P00370,Unit Accessorie Site,Electronics,Accessories,19269.9
P00371,Stage Comic Learn,Books,Comics,21319.43
P00372,Radio Laptop Technology,Electronics,Laptops,7640.16
P00373,Yard Laptop Away,Electronics,Laptops,8228.45
P00374,Skin Laptop Rich,Electronics,Laptops,9936.3
P00375,Class Headphone Agent,Electronics,Headphones,24767.38
P00376,Machine Camera Series,Electronics,Cameras,13921.05
P00377,Glass Men Always,Clothing,Men,20107.22
P00378,Begin Men Back,Clothing,Men,24565.05
P00379,Arm Women Could,Clothing,Women,9337.38
P00380,Study Accessorie Enter,Electronics,Accessories,22939.84
P00381,Open Mobile Avoid,Electronics,Mobiles,4983.87
P00382,Paper Non-Fiction Term,Books,Non-Fiction,20231.74
P00383,Drive Mobile Whether,Electronics,Mobiles,1313.41
P00384,Evening Academic Involve,Books,Academic,9599.1
P00385,Important Non-Fiction Little,Books,Non-Fiction,22712.19
P00386,Professor Decor Interview,Home,Decor,3758.35
P00387,Lead Kid Four,Clothing,Kids,22075.33
P00388,Adult Fiction Improve,Books,Fiction,10509.91
P00389,Report Winterwear By,Clothing,Winterwear,24735.62
P00390,Nor Bedding According,Home,Bedding,12142.75
P00391,Put Bedding Service,Home,Bedding,700.27
P00392,Present Men At,Clothing,Men,19474.53
P00393,Something Camera Skill,Electronics,Cameras,19182.71
P00394,Pay Women Answer,Clothing,Women,6699.85
P00395,School Laptop Thus,Electronics,Laptops,24567.48
P00396,Baby Comic Help,Books,Comics,24788.97
P00397,Without Women Morning,Clothing,Women,7984.21
P00398,Born Storage Figure,Home,Storage,23691.59
P00399,Stop Winterwear Rich,Clothing,Winterwear,20925.59
P00400,Fish Children Policy,Books,Children,12286.39
P00401,Before Mobile Father,Electronics,Mobiles,5509.28
P00402,Southern Fiction With,Books,Fiction,15372.66
P00403,Left Kid I,Clothing,Kids,22973.58
P00404,Indicate Kitchen Term,Home,Kitchen,22934.74
P00405,Recent Accessorie Allow,Electronics,Accessories,24015.94
P00406,Matter Bedding Close,Home,Bedding,8447.2
P00407,None Furniture Discussion,Home,Furniture,18322.18
P00408,Century Academic Skin,Books,Academic,4396.36
P00409,Include Furniture Style,Home,Furniture,20370.63
P00410,Subject Comic Time,Books,Comics,7398.21
P00411,Offer Men Find,Clothing,Men,23720.02
P00412,Protect Children Charge,Books,Children,23029.9
P00413,Fire Winterwear Research,Clothing,Winterwear,8312.65
P00414,Very Laptop Who,Electronics,Laptops,8021.99
P00415,Stuff Headphone Trial,Electronics,Headphones,6667.05
P00416,Shoulder Men Raise,Clothing,Men,19686.15
P00417,Hour Mobile Activity,Electronics,Mobiles,18327.98
P00418,On Footwear Two,Clothing,Footwear,9498.88
P00419,One Fiction Chance,Books,Fiction,19728.81
P00420,Candidate Women Analysis,Clothing,Women,19989.9
P00421,Accept Headphone Page,Electronics,Headphones,2662.89
P00422,Pick Furniture Indeed,Home,Furniture,4064.57
P00423,Note Accessorie Officer,Electronics,Accessories,24452.14
P00424,Your Storage Bed,Home,Storage,22335.99
P00425,Focus Camera Develop,Electronics,Cameras,4166.68
P00426,Smile Non-Fiction Site,Books,Non-Fiction,24361.24
P00427,Well Children She,Books,Children,18262.85
P00428,Guy Decor Development,Home,Decor,2443.1
P00429,Itself Children Western,Books,Children,12299.16
P00430,Race Headphone Today,Electronics,Headphones,20606.24
P00431,Music Non-Fiction Change,Books,Non-Fiction,15972.86
P00432,College Camera Create,Electronics,Cameras,7743.42
P00433,Do Academic Practice,Books,Academic,16542.95
P00434,They Accessorie Entire,Electronics,Accessories,9306.96
P00435,Daughter Comic Building,Books,Comics,1163.19
P00436,Course Academic Remain,Books,Academic,20935.11
P00437,Successful Laptop Our,Electronics,Laptops,16703.34
P00438,Together Headphone Arm,Electronics,Headphones,10378.97
P00439,Today Winterwear Society,Clothing,Winterwear,13088.43
P00440,Work Children Often,Books,Children,11932.74
P00441,Main Camera Quite,Electronics,Cameras,17871.93
P00442,Often Men Baby,Clothing,Men,11253.54
P00443,Fill Women Remain,Clothing,Women,3198.34
P00444,Audience Fiction Enough,Books,Fiction,10913.06
P00445,Billion Winterwear Decade,Clothing,Winterwear,22774.57
P00446,She Mobile Partner,Electronics,Mobiles,9964.01
P00447,Message Decor Give,Home,Decor,22933.19
P00448,Heavy Accessorie Career,Electronics,Accessories,19553.06
P00449,Remain Camera Reality,Electronics,Cameras,14587.79
P00450,Easy Mobile Black,Electronics,Mobiles,2569.71
P00451,Feel Storage President,Home,Storage,21953.44
P00452,Available Bedding We,Home,Bedding,14321.98
P00453,Daughter Fiction Friend,Books,Fiction,10104.2
P00454,Mention Fiction Little,Books,Fiction,21979.99
P00455,Get Men Practice,Clothing,Men,23024.83
P00456,Receive Kitchen Follow,Home,Kitchen,19851.62
P00457,Rule Decor Pattern,Home,Decor,21462.96
P00458,Claim Laptop Others,Electronics,Laptops,11105.61
P00459,Our Decor His,Home,Decor,15144.23
P00460,System Laptop Four,Electronics,Laptops,22840.15
P00461,Later Academic Concern,Books,Academic,21686.36
P00462,Above Accessorie Form,Electronics,Accessories,1687.14
P00463,Employee Non-Fiction Stock,Books,Non-Fiction,13130.94
P00464,Do Laptop Seem,Electronics,Laptops,20831.6
P00465,Sister Laptop Put,Electronics,Laptops,9041.36
P00466,Least Kid Factor,Clothing,Kids,11632.25
P00467,Though Fiction Here,Books,Fiction,6086.36
P00468,Center Children Respond,Books,Children,24014.98
P00469,Significant Children Glass,Books,Children,8639.01
P00470,Understand Kitchen Media,Home,Kitchen,9694.81
P00471,Maintain Winterwear Like,Clothing,Winterwear,5397.25
P00472,Her Women Stage,Clothing,Women,6763.64
P00473,Focus Children Message,Books,Children,19200.94
P00474,Ok Camera Boy,Electronics,Cameras,16201.92
P00475,Continue Laptop Race,Electronics,Laptops,20136.88
P00476,Policy Decor Beat,Home,Decor,9443.06
P00477,Thought Bedding Fast,Home,Bedding,11694.12
P00478,Town Children The,Books,Children,16575.77
P00479,Challenge Storage Vote,Home,Storage,15245.8
P00480,Nothing Kitchen Debate,Home,Kitchen,8440.28
P00481,Everyone Decor Similar,Home,Decor,6565.62
P00482,Various Furniture Produce,Home,Furniture,22497.19
P00483,Ball Comic Short,Books,Comics,18046.02
P00484,Bag Comic Wait,Books,Comics,10493.21
P00485,After Fiction Time,Books,Fiction,24869.11
P00486,Movement Kid Program,Clothing,Kids,5597.96
P00487,Allow Comic Tax,Books,Comics,21143.21
P00488,Party Kid Particular,Clothing,Kids,6503.36
P00489,Interview Kid Specific,Clothing,Kids,5595.23
P00490,Performance Kid Difference,Clothing,Kids,22176.75
P00491,What Decor Although,Home,Decor,11620.83
P00492,Ok Camera Ever,Electronics,Cameras,14528.81
P00493,Of Camera Wall,Electronics,Cameras,12536.91
P00494,Notice Children Marriage,Books,Children,1398.85
P00495,Ready Women Stage,Clothing,Women,8599.61
P00496,Church Non-Fiction History,Books,Non-Fiction,17905.93
P00497,Including Camera Dog,Electronics,Cameras,24666.68
P00498,Vote Kitchen Sport,Home,Kitchen,19041.77
P00499,Perform Winterwear Significant,Clothing,Winterwear,12264.95
P00500,Tough Laptop Fill,Electronics,Laptops,15855.51
