order_item_id,order_id,product_id,quantity,unit_price,discount_percent
OI000001,O000648,P00109,5,8511.21,6.5
OI000002,O000092,P00203,1,21779.71,40.0
OI000003,O000517,P00491,3,28367.71,25.4
OI000004,O000280,P00126,3,13848.0,24.0
OI000005,O000662,P00473,1,227.95,0.4
OI000006,O000714,P00361,4,16190.13,31.5
OI000007,O000032,P00457,4,10654.54,32.5
OI000008,O000182,P00430,1,11177.37,7.7
OI000009,O000777,P00144,3,24506.8,25.0
OI000010,O000506,P00496,3,14835.85,28.2
OI000011,O900007,P00057,3,14870.94,22.1
OI000012,O000699,P00309,5,17686.12,29.8
OI000013,O000234,P00452,5,8302.41,33.9
OI000014,O000695,P00273,5,16847.47,18.2
OI000015,O000666,P00027,3,29853.68,11.0
OI000016,O000371,P00265,1,6813.99,11.1
OI000017,O000006,P00201,2,26414.94,32.3
OI000018,O000707,P00217,1,5986.62,13.2
OI000019,O000029,P00246,4,17816.67,25.1
OI000020,O000111,P00243,2,24992.27,32.9
OI000021,O000075,P00398,5,22946.55,25.0
OI000022,O000063,P00470,1,26713.5,27.7
OI000023,O000453,P00029,3,13011.99,4.1
OI000024,O000391,P00206,1,12392.13,34.6
OI000025,O000465,P00197,4,26410.15,24.8
OI000026,O000027,P00233,5,5855.19,4.1
OI000027,O000199,P00464,5,15316.05,14.2
OI000028,O000191,P00125,2,1908.69,12.5
OI000029,O000773,P00184,3,16280.2,5.8
OI000030,O000299,P00189,1,19764.54,5.8
OI000031,O000573,P00440,1,5942.67,8.0
OI000032,O000350,P00097,4,29459.51,24.0
OI000033,O000344,P00316,3,4952.17,18.2
OI000034,O000225,P00472,1,20827.29,18.7
OI000035,O000787,P00488,3,11339.76,16.0
OI000036,O900001,P00038,3,3544.16,11.6
OI000037,O000784,P00185,1,6053.77,11.4
OI000038,O000179,P00174,5,5960.03,7.0
OI000039,O000694,P00071,4,26561.84,13.5
OI000040,O000379,P00415,3,28240.74,39.1
OI000041,O000729,P00034,1,27732.25,31.8
OI000042,O000384,P00163,5,19120.67,36.8
OI000043,O000549,P00151,2,1692.44,31.8
OI000044,O000599,P00454,4,2534.09,18.8
OI000045,O000521,P00199,5,15614.88,7.2
OI000046,O000495,P00367,4,17477.48,25.5
OI000047,O000213,P00113,2,7108.1,8.7
OI000048,O000161,P00479,3,2634.29,30.1
OI000049,O000236,P00299,1,18671.66,17.0
OI000050,O000510,P00163,3,5469.02,9.4
OI000051,O000085,P00151,5,19345.27,31.4
OI000052,O000074,P00185,1,10079.36,27.0
OI000053,O000787,P00350,3,18160.62,5.5
OI000054,O000557,P00468,-3,9054.28,32.9
OI000055,O000416,P00421,5,455.53,26.2
OI000056,O000408,P00117,2,6375.26,9.3
OI000057,O000480,P00370,4,2667.69,33.8
OI000058,O000428,P00108,4,16797.56,15.0
OI000059,O000756,P00005,4,25045.54,13.6
OI000060,O000414,P00391,5,17649.96,22.7
OI000061,O000339,P00291,5,17258.97,15.6
OI000062,O000066,P00274,4,3348.29,22.8
OI000063,O000096,P00088,1,5411.32,33.1
OI000064,O000204,P00036,4,7067.88,26.4
OI000065,O000531,P00006,2,27303.39,15.6
OI000066,O000429,P00245,1,27117.27,8.3
OI000067,O000727,P00341,4,17295.23,12.4
OI000068,O000470,P00142,-2,4366.49,2.6
OI000069,O000539,P00169,5,13860.12,23.0
OI000070,O000468,P00178,3,24720.55,34.0
OI000071,O000633,P00376,4,27333.91,7.3
OI000072,O000045,P00123,2,18879.69,11.7
OI000073,O000740,P00462,2,12397.22,30.5
OI000074,O000774,P00054,5,9847.79,18.0
OI000075,O000474,P00014,1,20301.1,18.5
OI000076,O000200,P00204,-1,3529.01,36.7
OI000077,O000497,P00237,1,19744.98,28.5
OI000078,O000286,P00431,2,640.18,4.0
OI000079,O000401,P00087,1,435.2,10.9
OI000080,O000732,P00018,5,20932.6,33.5
OI000081,O000734,P00338,1,9318.9,138.8
OI000082,O000256,P00192,2,579.55,1.1
OI000083,O000697,P00343,1,26480.35,31.9
OI000084,O000172,P00023,4,24487.17,12.9
OI000085,O000555,P00203,4,6492.02,14.3
OI000086,O000324,P00007,4,6680.88,26.3
OI000087,O000045,P00035,2,23049.6,20.0
OI000088,O000583,P00088,3,18036.03,39.3
OI000089,O000790,P00356,2,19097.07,35.4
OI000090,O000494,P00035,-3,27371.89,18.0
OI000091,O000516,P00301,1,18528.83,35.9
OI000092,O000776,P00125,5,4212.91,19.9
OI000093,O000658,P00020,2,17982.45,37.8
OI000094,O000285,P00163,1,29329.27,25.9
OI000095,O000751,P00170,3,16225.42,36.3
OI000096,O000704,P00357,2,11506.43,12.9
OI000097,O900008,P00036,2,29761.18,37.5
OI000098,O000563,P00426,2,2437.12,29.0
OI000099,O000251,P00218,2,9162.71,23.1
OI000100,O000493,P00041,3,5116.2,17.7
OI000101,O000779,P00080,-4,11504.44,34.2
OI000102,O000610,P00276,2,5353.41,15.2
OI000103,O000576,P00311,4,4186.02,18.8
OI000104,O000014,P00442,5,11290.31,16.2
OI000105,O000761,P00192,4,19267.36,23.5
OI000106,O000128,P00198,5,22912.23,38.3
OI000107,O000357,P00261,4,11108.6,2.3
OI000108,O000253,P00125,4,24412.48,25.2
OI000109,O000661,P00076,3,28333.53,5.9
OI000110,O000679,P00431,-2,23152.07,25.8
OI000111,O000601,P00499,1,5745.82,16.9
OI000112,O000310,P00257,5,11545.38,12.3
OI000113,O000746,P00446,1,17221.09,31.9
OI000114,O000215,P00477,4,291.97,6.7
OI000115,O000793,P00357,4,19670.18,29.3
OI000116,O000721,P00069,2,15128.15,4.4
OI000117,O000206,P00031,2,5837.36,39.3
OI000118,O000640,P00056,2,2662.64,5.0
OI000119,O000241,P00245,4,3114.19,2.4
OI000120,O900001,P00050,2,317.13,24.1
OI000121,O000498,P00243,3,10162.85,27.3
OI000122,O000246,P00482,3,11415.23,2.3
OI000123,O000103,P00002,4,12114.07,33.4
OI000124,O000126,P00445,5,21008.01,32.6
OI000125,O000675,P00446,4,19840.83,0.1
OI000126,O000330,P00009,3,29090.97,29.4
OI000127,O000497,P00205,5,10515.19,37.6
OI000128,O000675,P00439,1,8886.5,7.8
OI000129,O000586,P00402,5,14987.96,3.5
OI000130,O000479,P00087,4,14516.84,21.6
OI000131,O000676,P00359,1,29801.51,1.2
OI000132,O000393,P00393,3,7803.09,19.1
OI000133,O000140,P00473,5,14809.57,31.8
OI000134,O000590,P00393,5,10362.45,36.4
OI000135,O000670,P00329,5,13165.17,9.3
OI000136,O000115,P00046,3,28122.6,29.8
OI000137,O000321,P00489,4,150.19,2.5
OI000138,O000434,P00164,3,28024.36,5.1
OI000139,O000110,P00203,1,13872.02,5.8
OI000140,O000512,P00349,4,8573.45,29.9
OI000141,O000036,P00307,3,29711.02,4.9
OI000142,O000490,P00324,2,21153.8,15.1
OI000143,O000734,P00108,2,1671.73,34.6
OI000144,O000402,P00154,2,16483.49,13.5
OI000145,O000776,P00201,4,21829.96,11.3
OI000146,O000562,P00202,1,22592.77,23.2
OI000147,O000727,P00156,4,17357.01,17.7
OI000148,O000215,P00112,2,373.06,29.0
OI000149,O000152,P00193,4,5129.87,2.3
OI000150,O000054,P00061,5,17842.43,38.8
OI000151,O000035,P00061,2,9150.42,23.8
OI000152,O000795,P00355,1,25960.38,26.0
OI000153,O000377,P00006,1,3749.34,25.7
OI000154,O000601,P00294,5,20842.4,3.8
OI000155,O000661,P00360,4,3844.57,13.0
OI000156,O000551,P00095,4,690.42,22.2
OI000157,O000501,P00033,5,16215.56,32.8
OI000158,O000213,P00495,1,18013.17,7.2
OI000159,O000126,P00021,2,19613.95,3.5
OI000160,O000087,P00064,5,28991.66,6.9
OI000161,O000255,P00154,1,15631.35,31.3
OI000162,O000591,P00252,3,29581.98,14.1
OI000163,O000102,P00340,1,5723.4,12.0
OI000164,O000617,P00283,2,8394.13,29.2
OI000165,O000267,P00196,2,2589.3,10.2
OI000166,O000549,P00105,1,8155.05,25.3
OI000167,O000578,P00337,5,12648.63,6.1
OI000168,O000027,P00494,5,8176.74,21.3
OI000169,O000338,P00328,1,10072.17,10.9
OI000170,O000011,P00051,4,6744.54,38.1
OI000171,O000540,P00373,3,24223.27,3.8
OI000172,O000289,P00283,3,26907.45,6.8
OI000173,O000354,P00413,5,26472.43,16.1
OI000174,O000704,P00263,2,4365.84,22.7
OI000175,O000655,P00499,3,7548.44,24.3
OI000176,O000363,P00409,4,8347.11,17.1
OI000177,O000235,P00157,1,12254.79,12.5
OI000178,O000748,P00123,1,1816.6,29.7
OI000179,O000011,P00493,4,27980.0,5.5
OI000180,O000694,P00455,5,12223.6,24.7
OI000181,O000732,P00218,5,7402.36,29.6
OI000182,O000541,P00351,5,13514.7,6.7
OI000183,O000231,P00090,1,4086.23,14.1
OI000184,O000175,P00192,1,20403.99,33.3
OI000185,O000298,P00154,4,6470.67,29.5
OI000186,O000313,P00476,5,1159.33,18.5
OI000187,O000365,P00004,5,9020.68,4.3
OI000188,O000412,P00182,1,14812.18,3.4
OI000189,O000127,P00468,-4,23106.48,10.0
OI000190,O000374,P00220,2,8157.5,39.6
OI000191,O000144,P00182,-4,26518.93,28.4
OI000192,O000137,P00203,4,27039.83,6.4
OI000193,O000682,P00137,1,16548.7,32.0
OI000194,O000783,P00400,4,27714.48,33.7
OI000195,O000111,P00406,1,10389.2,0.5
OI000196,O000351,P00220,5,13086.42,11.6
OI000197,O000254,P00317,2,5687.12,11.2
OI000198,O000718,P00127,4,21223.18,32.4
OI000199,O000186,P00097,5,4546.91,4.8
OI000200,O000197,P00476,2,18532.37,3.6
OI000201,O000314,P00359,2,12839.67,2.5
OI000202,O000113,P00138,3,10595.63,16.7
OI000203,O000042,P00001,1,9717.02,11.4
OI000204,O000442,P00095,3,10971.08,12.2
OI000205,O000566,P00395,2,22264.63,14.5
OI000206,O000381,P00122,3,11583.08,35.5
OI000207,O000124,P00022,5,26532.84,32.7
OI000208,O000102,P00039,5,9114.14,19.0
OI000209,O000158,P00023,2,16559.82,10.1
OI000210,O000574,P00500,3,13509.62,28.7
OI000211,O000430,P00269,5,5091.36,11.0
OI000212,O000580,P00032,2,11985.07,27.4
OI000213,O000170,P00225,5,23403.23,16.0
OI000214,O000164,P00293,2,364.95,37.1
OI000215,O000738,P00269,3,6688.06,28.3
OI000216,O000047,P00274,2,19224.5,37.7
OI000217,O000053,P00329,2,6378.17,4.6
OI000218,O000378,P00167,1,26531.19,10.6
OI000219,O000302,P00167,1,411.2,14.2
OI000220,O000263,P00498,1,29365.0,31.1
OI000221,O000764,P00353,4,7794.62,25.0
OI000222,O000453,P00113,3,17491.75,32.3
OI000223,O000238,P00374,4,27074.83,3.7
OI000224,O000181,P00097,5,21911.45,25.9
OI000225,O000182,P00419,4,5716.66,5.7
OI000226,O000661,P00497,4,15850.68,29.1
OI000227,O000387,P00197,1,505.21,33.2
OI000228,O000789,P00043,3,18858.79,0.5
OI000229,O000109,P00278,3,2640.46,5.6
OI000230,O000168,P00158,3,7389.88,21.7
OI000231,O000022,P00423,1,8972.48,20.5
OI000232,O000230,P00013,2,4506.56,26.2
OI000233,O000394,P00352,1,29723.96,9.0
OI000234,O000079,P00316,3,27707.26,36.8
OI000235,O000183,P00220,5,5522.83,17.0
OI000236,O000640,P00419,3,3207.28,36.6
OI000237,O000729,P00409,1,25865.25,39.1
OI000238,O000152,P00200,4,23587.83,19.1
OI000239,O000745,P00143,2,29843.67,7.3
OI000240,O000435,P00247,4,19134.47,5.5
OI000241,O000393,P00215,5,16059.74,21.3
OI000242,O000595,P00367,4,23320.12,32.5
OI000243,O000371,P00002,2,612.92,22.3
OI000244,O000062,P00467,3,25494.94,31.1
OI000245,O000565,P00498,4,24851.87,2.2
OI000246,O000721,P00074,4,20914.06,17.0
OI000247,O000596,P00038,4,26127.26,1.2
OI000248,O000079,P00007,5,12553.2,30.6
OI000249,O000541,P00358,3,21704.47,17.8
OI000250,O000114,P00080,1,1060.36,30.0
OI000251,O000434,P00349,4,24902.6,36.8
OI000252,O000434,P00477,2,2848.9,15.1
OI000253,O000411,P00317,1,5592.44,29.8
OI000254,O000710,P00240,4,19292.54,33.1
OI000255,O000663,P00218,2,3221.56,14.5
OI000256,O000246,P00145,2,2053.04,23.9
OI000257,O000565,P00104,1,2642.68,22.8
OI000258,O000496,P00024,1,28310.92,0.3
OI000259,O000408,P00257,2,11780.18,14.2
OI000260,O000340,P00209,5,24244.08,6.0
OI000261,O000601,P00445,1,4630.98,18.5
OI000262,O000736,P00119,2,19661.18,30.8
OI000263,O000529,P00374,5,27913.79,13.7
OI000264,O000369,P00320,4,21411.6,27.3
OI000265,O000622,P00039,2,29832.7,3.9
OI000266,O000317,P00281,1,13698.75,6.8
OI000267,O000591,P00187,3,5457.67,30.9
OI000268,O000263,P00391,4,4299.37,5.0
OI000269,O000294,P00206,4,27522.49,5.2
OI000270,O000322,P00192,1,15227.68,10.5
OI000271,O000636,P00330,1,7420.02,32.8
OI000272,O000298,P00193,2,25629.49,8.9
OI000273,O000358,P00239,4,27013.78,18.6
OI000274,O000407,P00394,4,9928.75,12.7
OI000275,O000720,P00380,4,13691.9,21.8
OI000276,O000219,P00164,5,18072.21,15.2
OI000277,O000441,P00243,2,26053.82,38.1
OI000278,O000651,P00091,1,8289.77,3.3
OI000279,O000430,P00269,2,7857.47,33.2
OI000280,O000351,P00494,3,10543.36,16.8
OI000281,O000165,P00495,4,20817.75,15.6
OI000282,O000612,P00102,1,17396.83,5.8
OI000283,O000752,P00381,-3,26905.38,37.4
OI000284,O000691,P00209,3,209.94,18.0
OI000285,O000461,P00328,5,6636.82,39.2
OI000286,O000171,P00308,4,6371.92,7.6
OI000287,O000380,P00417,-3,26909.98,20.1
OI000288,O000665,P00234,4,10631.12,21.7
OI000289,O000117,P00475,2,11256.33,22.1
OI000290,O000292,P00433,4,21092.57,37.5
OI000291,O000090,P00413,1,591.15,37.3
OI000292,O000639,P00475,5,13378.69,23.2
OI000293,O000431,P00109,2,16592.48,4.6
OI000294,O000360,P00496,4,24630.5,28.2
OI000295,O900006,P00401,2,8101.51,26.3
OI000296,O000425,P00345,-2,27280.87,1.3
OI000297,O000532,P00420,5,5195.28,22.9
OI000298,O000401,P00099,5,24873.64,32.1
OI000299,O000652,P00200,2,9611.94,6.3
OI000300,O000130,P00259,1,23550.01,33.7
OI000301,O000567,P00082,3,2888.64,17.5
OI000302,O000029,P00317,5,2455.3,15.3
OI000303,O000465,P00325,3,19610.43,8.9
OI000304,O000744,P00400,4,19811.81,11.0
OI000305,O000654,P00297,1,27823.25,4.9
OI000306,O000185,P00048,1,10905.78,33.5
OI000307,O000023,P00212,1,18807.91,8.4
OI000308,O000649,P00466,4,5476.21,0.4
OI000309,O000622,P00438,1,10350.03,13.9
OI000310,O000006,P00082,5,27804.84,7.7
OI000311,O000525,P00390,2,11010.23,35.9
OI000312,O000086,P00373,2,14499.09,38.1
OI000313,O000302,P00240,4,28395.74,36.9
OI000314,O000735,P00144,4,23815.28,23.5
OI000315,O000740,P00250,4,12769.75,29.9
OI000316,O000622,P00197,4,10652.17,35.9
OI000317,O000035,P00491,5,12353.27,24.2
OI000318,O000544,P00181,-4,5479.14,12.9
OI000319,O000075,P00111,3,23407.49,4.9
OI000320,O000337,P00110,4,9714.68,9.3
OI000321,O000218,P00270,2,8413.65,24.3
OI000322,O000077,P00294,4,13112.65,32.5
OI000323,O000506,P00256,1,12694.99,5.0
OI000324,O000393,P00122,-5,633.31,31.3
OI000325,O900008,P00146,2,12144.04,35.8
OI000326,O000661,P00009,1,24912.52,16.6
OI000327,O000355,P00205,1,9463.92,24.5
OI000328,O000466,P00253,1,28137.34,4.1
OI000329,O000143,P00054,3,21755.18,9.1
OI000330,O000378,P00418,5,28029.9,34.7
OI000331,O000114,P00025,3,9946.94,24.5
OI000332,O000175,P00474,2,3685.05,12.8
OI000333,O000424,P00327,4,15700.73,9.6
OI000334,O000288,P00165,4,7987.98,11.8
OI000335,O000249,P00338,2,2346.82,19.8
OI000336,O000480,P00420,4,3225.59,8.3
OI000337,O000321,P00390,3,19693.15,33.9
OI000338,O000373,P00198,4,15452.57,31.2
OI000339,O000169,P00352,3,17359.54,4.1
OI000340,O000113,P00124,1,5692.19,1.1
OI000341,O000272,P00061,5,13001.06,6.0
OI000342,O000055,P00226,3,1569.12,15.3
OI000343,O000194,P00207,2,15933.93,19.7
OI000344,O000662,P00128,1,1688.82,1.4
OI000345,O000104,P00142,2,21015.42,16.2
OI000346,O000709,P00138,4,23593.26,13.9
OI000347,O000752,P00002,1,27242.69,24.9
OI000348,O000705,P00123,2,2176.69,7.5
OI000349,O000014,P00342,4,722.72,39.0
OI000350,O000779,P00437,1,29089.29,23.3
OI000351,O000113,P00024,1,29713.35,33.4
OI000352,O000151,P00397,1,24136.39,13.4
OI000353,O000559,P00132,4,13816.65,33.1
OI000354,O000531,P00397,5,8171.13,20.8
OI000355,O000421,P00439,2,4334.83,19.9
OI000356,O000442,P00185,2,5895.88,38.2
OI000357,O000642,P00348,5,13533.15,38.3
OI000358,O000696,P00179,3,12577.1,39.8
OI000359,O000533,P00360,3,3776.54,31.8
OI000360,O000356,P00148,1,15017.92,27.4
OI000361,O000297,P00320,5,9179.0,11.5
OI000362,O000042,P00112,3,3790.73,19.5
OI000363,O000001,P00026,3,26373.79,31.4
OI000364,O000575,P00080,1,4365.06,29.3
OI000365,O000298,P00113,1,10703.5,32.5
OI000366,O000101,P00458,3,17951.46,6.9
OI000367,O000593,P00072,2,12547.74,8.0
OI000368,O000644,P00237,5,23493.93,33.4
OI000369,O000711,P00161,5,21406.7,18.7
OI000370,O000421,P00237,1,890.02,30.7
OI000371,O000310,P00403,2,11256.02,24.8
OI000372,O000055,P00387,4,20135.37,18.5
OI000373,O000056,P00044,1,29586.59,4.3
OI000374,O000580,P00247,3,3731.14,23.4
OI000375,O000719,P00105,5,22238.68,19.8
OI000376,O000159,P00155,3,28102.28,32.2
OI000377,O000069,P00001,2,3718.93,3.9
OI000378,O000518,P00228,4,3742.16,16.2
OI000379,O000560,P00134,5,25793.49,24.7
OI000380,O000190,P00073,2,22275.78,21.9
OI000381,O000684,P00052,5,20064.22,15.6
OI000382,O000427,P00417,4,8574.32,4.8
OI000383,O000035,P00331,5,27252.44,14.2
OI000384,O000470,P00142,1,10796.66,34.2
OI000385,O000724,P00269,4,5317.46,6.1
OI000386,O000471,P00367,2,22901.97,12.1
OI000387,O000661,P00248,4,18214.67,7.2
OI000388,O000675,P00270,3,9789.89,38.2
OI000389,O000414,P00035,-1,22013.04,9.3
OI000390,O000696,P00244,3,29441.72,32.3
OI000391,O000179,P00373,4,12659.68,2.6
OI000392,O000768,P00038,4,18235.35,33.6
OI000393,O000716,P00231,4,19158.13,22.3
OI000394,O000696,P00147,2,4946.48,32.6
OI000395,O000597,P00013,1,24319.26,35.7
OI000396,O000560,P00443,1,20502.6,38.3
OI000397,O000195,P00427,2,14264.61,14.1
OI000398,O000142,P00411,1,18801.57,35.0
OI000399,O000530,P00153,1,6994.15,24.1
OI000400,O000297,P00473,3,10801.37,34.9
OI000401,O000548,P00295,2,27961.09,20.0
OI000402,O000715,P00457,1,28114.11,39.4
OI000403,O000432,P00134,2,22965.6,5.6
OI000404,O000776,P00340,1,2280.07,37.9
OI000405,O000784,P00414,1,2215.82,16.6
OI000406,O000565,P00246,2,1348.06,1.4
OI000407,O000442,P00245,3,26305.85,9.1
OI000408,O000201,P00274,5,20490.04,29.5
OI000409,O000785,P00194,2,12862.32,5.5
OI000410,O000377,P00181,2,27550.25,9.5
OI000411,O000423,P00383,5,29729.07,0.6
OI000412,O000079,P00030,2,8549.62,12.6
OI000413,O000300,P00067,5,19761.73,26.3
OI000414,O000211,P00254,3,25776.93,17.7
OI000415,O000565,P00150,2,8099.3,27.9
OI000416,O000421,P00362,5,2445.54,36.5
OI000417,O000313,P00380,5,11234.46,32.7
OI000418,O000716,P00226,4,736.56,33.5
OI000419,O000308,P00424,1,25651.77,15.4
OI000420,O000455,P00023,2,5614.36,17.2
OI000421,O000555,P00391,3,27310.61,30.2
OI000422,O000269,P00415,5,917.62,29.0
OI000423,O000747,P00476,1,16643.5,38.1
OI000424,O000548,P00238,4,17092.26,20.8
OI000425,O000764,P00474,2,553.98,32.0
OI000426,O000256,P00395,5,17175.37,1.5
OI000427,O000257,P00401,-5,9276.17,26.4
OI000428,O000455,P00237,1,14046.54,38.6
OI000429,O000224,P00210,1,2478.45,35.9
OI000430,O000452,P00093,3,8356.72,34.8
OI000431,O000151,P00447,5,7056.91,26.2
OI000432,O000451,P00297,3,21549.0,2.4
OI000433,O000264,P00009,3,1437.52,9.4
OI000434,O000116,P00262,1,9841.09,14.9
OI000435,O000658,P00219,3,9863.56,31.5
OI000436,O000668,P00192,4,8892.48,1.2
OI000437,O000154,P00467,-5,18310.24,32.3
OI000438,O000521,P00402,5,28204.2,15.2
OI000439,O000154,P00196,1,28762.89,39.7
OI000440,O000646,P00281,4,3725.15,35.1
OI000441,O000676,P00269,5,8148.56,33.4
OI000442,O000249,P00410,3,9513.01,38.9
OI000443,O000420,P00186,1,15218.74,36.6
OI000444,O000460,P00403,4,24851.85,39.5
OI000445,O000418,P00346,5,18205.82,31.8
OI000446,O000419,P00216,5,17322.75,25.3
OI000447,O000465,P00008,2,7974.95,22.2
OI000448,O000130,P00446,1,815.55,6.7
OI000449,O000543,P00471,4,10695.6,16.1
OI000450,O000122,P00173,3,18537.22,39.8
OI000451,O000364,P00487,4,18961.88,29.6
OI000452,O000717,P00069,2,17727.79,32.8
OI000453,O000008,P00304,5,19517.2,15.2
OI000454,O000603,P00144,1,14849.47,1.9
OI000455,O000521,P00433,4,11583.63,30.3
OI000456,O000753,P00452,2,8419.86,35.2
OI000457,O000170,P00061,3,13223.61,35.4
OI000458,O000621,P00386,1,20026.37,5.6
OI000459,O000773,P00087,1,1288.38,35.6
OI000460,O000501,P00427,1,8526.94,37.9
OI000461,O000130,P00426,4,3377.48,28.3
OI000462,O000443,P00253,3,4190.86,11.1
OI000463,O000081,P00382,2,9880.76,20.3
OI000464,O000526,P00345,1,9512.82,37.0
OI000465,O000534,P00163,2,19867.8,35.1
OI000466,O000009,P00126,2,26176.23,8.8
OI000467,O000497,P00417,2,8549.73,7.9
OI000468,O000741,P00384,-2,2111.11,22.3
OI000469,O000429,P00353,3,18967.69,9.4
OI000470,O000185,P00450,3,26263.67,26.7
OI000471,O000613,P00183,5,2986.34,4.5
OI000472,O000295,P00215,4,19906.3,4.6
OI000473,O000117,P00178,4,23233.09,19.3
OI000474,O000422,P00352,-2,8110.92,8.6
OI000475,O000576,P00396,3,9596.79,15.7
OI000476,O000056,P00138,4,10261.26,32.7
OI000477,O000587,P00449,2,23408.6,4.4
OI000478,O000133,P00310,-5,21694.64,32.1
OI000479,O000362,P00393,5,1571.53,8.4
OI000480,O000549,P00203,2,4925.98,15.0
OI000481,O000255,P00482,1,698.85,37.6
OI000482,O000497,P00022,2,824.91,25.3
OI000483,O000768,P00064,4,4022.68,29.6
OI000484,O000076,P00259,-4,22305.29,21.7
OI000485,O000603,P00406,4,18210.18,12.5
OI000486,O000024,P00155,3,3080.41,38.8
OI000487,O000440,P00048,2,16873.79,19.3
OI000488,O000251,P00196,1,21853.97,38.1
OI000489,O000464,P00115,5,11980.72,9.3
OI000490,O000659,P00160,3,18934.42,3.3
OI000491,O000502,P00304,2,12155.53,33.5
OI000492,O000779,P00120,1,7635.51,12.5
OI000493,O000330,P00353,5,26155.69,10.7
OI000494,O000501,P00280,4,19595.06,12.9
OI000495,O000758,P00376,1,12828.49,3.1
OI000496,O000533,P00384,1,13184.28,38.9
OI000497,O000175,P00321,5,22494.9,21.9
OI000498,O000446,P00151,3,18491.5,14.9
OI000499,O000536,P00351,2,28564.66,14.9
OI000500,O000216,P00480,3,21631.89,34.1
OI000501,O000486,P00006,3,4595.44,2.7
OI000502,O000193,P00103,1,9997.95,2.4
OI000503,O000359,P00326,5,10414.23,0.6
OI000504,O000437,P00300,3,23032.97,37.4
OI000505,O000208,P00040,5,21946.68,11.2
OI000506,O000535,P00301,4,23182.16,23.7
OI000507,O000631,P00343,4,179.86,9.3
OI000508,O000630,P00076,2,26250.96,12.9
OI000509,O000524,P00414,4,14203.5,12.1
OI000510,O000403,P00194,4,10714.25,33.5
OI000511,O000620,P00432,2,28370.15,33.3
OI000512,O000574,P00227,4,7591.12,4.8
OI000513,O000183,P00013,3,23145.27,13.8
OI000514,O000196,P00196,3,22454.09,0.4
OI000515,O000006,P00301,3,27340.12,36.6
OI000516,O000280,P00018,3,12008.99,39.8
OI000517,O000059,P00498,5,25909.24,37.1
OI000518,O000503,P00089,4,19461.7,21.8
OI000519,O000628,P00458,2,5389.54,34.0
OI000520,O000123,P00029,4,1963.53,3.9
OI000521,O000199,P00336,5,10046.68,26.9
OI000522,O000174,P00464,5,11051.07,0.6
OI000523,O000684,P00343,1,24768.92,20.1
OI000524,O000455,P00023,3,20692.63,16.4
OI000525,O000004,P00160,3,3619.67,18.7
OI000526,O000475,P00046,1,5556.78,3.5
OI000527,O000021,P00393,2,6604.02,15.0
OI000528,O000253,P00158,2,22169.5,12.4
OI000529,O000286,P00072,5,6856.22,7.5
OI000530,O000303,P00133,4,14747.58,23.1
OI000531,O000461,P00425,2,25058.25,15.4
OI000532,O000720,P00223,3,20492.33,11.5
OI000533,O000565,P00425,3,23224.93,10.3
OI000534,O000119,P00265,2,14070.68,12.9
OI000535,O000035,P00166,1,26092.94,0.3
OI000536,O000664,P00463,1,10804.34,6.5
OI000537,O000450,P00415,5,17321.36,17.4
OI000538,O000259,P00371,3,14528.47,16.0
OI000539,O000240,P00391,5,12834.24,10.8
OI000540,O000168,P00263,2,26609.2,38.6
OI000541,O000582,P00385,2,10061.1,38.4
OI000542,O000785,P00073,3,5043.73,0.0
OI000543,O000309,P00158,1,25747.09,17.5
OI000544,O000569,P00433,-3,4863.96,4.0
OI000545,O000218,P00468,4,24957.28,28.2
OI000546,O000132,P00163,2,9880.64,11.3
OI000547,O000612,P00202,5,14700.45,29.6
OI000548,O000624,P00092,2,10261.54,32.9
OI000549,O000080,P00331,2,5720.32,8.4
OI000550,O000670,P00093,4,9401.65,27.0
OI000551,O000432,P00092,2,15568.72,4.3
OI000552,O000751,P00052,4,465.51,12.8
OI000553,O000466,P00006,4,20138.83,16.9
OI000554,O000760,P00325,1,24092.31,18.0
OI000555,O000344,P00433,5,3439.0,7.2
OI000556,O000691,P00041,-2,28451.22,28.3
OI000557,O000630,P00373,4,13996.42,1.6
OI000558,O000052,P00456,5,7644.57,13.5
OI000559,O000556,P00137,2,12570.1,17.9
OI000560,O000115,P00183,1,11946.82,7.0
OI000561,O000149,P00325,4,8313.42,38.9
OI000562,O000751,P00421,5,1315.17,13.1
OI000563,O000742,P00327,1,29409.97,3.2
OI000564,O000433,P00206,1,22428.33,28.9
OI000565,O000444,P00495,1,17169.76,39.8
OI000566,O000250,P00356,1,14240.26,30.4
OI000567,O000797,P00096,3,1467.69,15.9
OI000568,O000006,P00209,-2,12488.31,5.2
OI000569,O000651,P00163,1,640.38,13.0
OI000570,O000730,P00312,4,19079.7,13.2
OI000571,O000013,P00176,3,24696.6,6.1
OI000572,O000546,P00358,2,7745.21,1.3
OI000573,O000647,P00250,5,2584.45,29.9
OI000574,O000769,P00162,4,983.98,25.0
OI000575,O000442,P00213,1,8588.24,29.8
OI000576,O000551,P00068,4,25505.08,3.9
OI000577,O000585,P00149,2,23029.55,39.4
OI000578,O000361,P00385,2,18017.53,12.8
OI000579,O000704,P00492,3,16022.0,9.0
OI000580,O000294,P00423,4,26212.92,141.7
OI000581,O000672,P00089,1,19627.82,39.0
OI000582,O000634,P00115,2,15150.5,3.2
OI000583,O000024,P00167,5,17122.25,18.9
OI000584,O000761,P00308,4,25916.8,34.0
OI000585,O000246,P00090,4,27649.43,12.9
OI000586,O000212,P00296,4,20541.77,17.7
OI000587,O000473,P00257,1,25152.48,34.9
OI000588,O000740,P00493,-1,1066.44,27.1
OI000589,O000395,P00037,4,26512.38,21.5
OI000590,O000547,P00366,1,24849.84,2.4
OI000591,O000743,P00394,1,21527.08,20.5
OI000592,O000128,P00054,2,22762.42,23.2
OI000593,O000376,P00212,3,7367.75,19.3
OI000594,O000711,P00038,4,14798.15,9.8
OI000595,O000456,P00170,4,17090.11,23.8
OI000596,O000296,P00014,2,16949.83,28.6
OI000597,O000582,P00325,3,13251.88,11.8
OI000598,O000151,P00312,3,7793.44,9.1
OI000599,O000152,P00300,1,21662.07,29.8
OI000600,O000634,P00461,2,19351.16,23.5
OI000601,O000388,P00444,4,26136.39,19.3
OI000602,O000685,P00485,1,9348.32,9.0
OI000603,O000123,P00333,2,13833.72,36.5
OI000604,O000537,P00460,2,10970.45,1.3
OI000605,O000520,P00035,3,16089.14,29.7
OI000606,O000058,P00229,5,7416.3,31.9
OI000607,O000251,P00117,4,29383.39,10.6
OI000608,O000751,P00426,1,4063.21,12.1
OI000609,O000780,P00298,4,16154.32,31.3
OI000610,O000202,P00245,1,14333.47,4.0
OI000611,O000308,P00292,1,25848.06,4.5
OI000612,O000200,P00302,5,29767.91,10.1
OI000613,O000647,P00091,3,15474.59,38.1
OI000614,O000255,P00175,3,15141.56,25.0
OI000615,O000187,P00250,1,29233.2,18.8
OI000616,O000443,P00345,3,25874.69,13.7
OI000617,O000199,P00399,1,6475.17,20.1
OI000618,O000106,P00351,3,6387.73,26.9
OI000619,O000406,P00403,2,18342.68,6.3
OI000620,O000670,P00305,4,8154.56,37.3
OI000621,O000311,P00190,2,21828.62,33.2
OI000622,O000577,P00202,-4,28205.62,2.2
OI000623,O000144,P00500,4,682.44,28.2
OI000624,O000302,P00427,-3,12882.2,15.3
OI000625,O000221,P00317,5,8291.49,3.0
OI000626,O000739,P00304,4,28406.57,31.2
OI000627,O000724,P00250,2,18240.47,15.0
OI000628,O000283,P00276,3,8598.64,18.9
OI000629,O000794,P00376,4,26231.12,23.6
OI000630,O000449,P00126,3,22907.34,10.4
OI000631,O000023,P00072,1,21007.61,29.6
OI000632,O000792,P00229,2,14102.96,18.4
OI000633,O000721,P00133,3,27987.17,5.6
OI000634,O000499,P00409,1,1902.56,39.6
OI000635,O000033,P00492,5,9879.39,21.6
OI000636,O000069,P00377,1,29229.4,31.2
OI000637,O000090,P00294,4,29789.2,30.1
OI000638,O000284,P00239,4,29831.06,6.1
OI000639,O000590,P00174,4,20808.33,32.8
OI000640,O000589,P00151,1,11759.43,0.3
OI000641,O000229,P00300,3,19643.02,8.0
OI000642,O000733,P00445,5,23212.46,8.2
OI000643,O000617,P00484,1,16248.28,38.2
OI000644,O000236,P00337,2,4982.34,39.6
OI000645,O000791,P00182,1,26976.5,17.6
OI000646,O000455,P00445,2,13459.69,16.0
OI000647,O000128,P00048,2,17391.28,20.7
OI000648,O000501,P00380,5,29861.19,16.6
OI000649,O000520,P00185,4,3448.57,18.3
OI000650,O000410,P00493,1,28377.38,33.5
OI000651,O000308,P00118,1,24324.07,35.0
OI000652,O000748,P00332,3,25437.7,7.1
OI000653,O000144,P00356,4,1929.33,32.1
OI000654,O000381,P00317,4,12635.25,7.0
OI000655,O000685,P00093,3,3370.81,6.5
OI000656,O000641,P00192,3,951.5,1.0
OI000657,O000753,P00447,2,1490.33,15.1
OI000658,O000162,P00052,1,6758.72,16.8
OI000659,O000476,P00213,5,25721.78,124.3
OI000660,O000264,P00066,3,11030.92,24.5
OI000661,O000767,P00426,5,6657.4,5.2
OI000662,O000085,P00381,1,8540.76,24.6
OI000663,O000748,P00338,3,29221.31,26.7
OI000664,O000274,P00390,2,11305.64,5.8
OI000665,O000766,P00464,4,23846.43,39.2
OI000666,O000244,P00083,4,17205.39,19.4
OI000667,O000592,P00208,4,13650.49,10.5
OI000668,O000672,P00394,5,10183.91,35.7
OI000669,O000500,P00396,5,2985.45,34.2
OI000670,O000375,P00219,1,3874.22,9.1
OI000671,O000564,P00365,3,10493.96,18.1
OI000672,O000517,P00094,4,26580.17,20.4
OI000673,O000795,P00009,2,10682.7,24.0
OI000674,O000538,P00025,5,6989.66,37.9
OI000675,O000103,P00349,2,25782.33,9.1
OI000676,O000554,P00483,5,6145.66,2.0
OI000677,O000400,P00462,5,26822.96,18.7
OI000678,O000001,P00039,3,20076.79,8.4
OI000679,O000069,P00031,4,14479.87,6.4
OI000680,O000249,P00201,2,11790.89,7.7
OI000681,O000283,P00072,4,22215.68,37.8
OI000682,O000689,P00142,-3,3607.03,12.4
OI000683,O000483,P00119,4,3833.45,29.7
OI000684,O000773,P00467,3,28489.69,1.6
OI000685,O000642,P00239,4,26299.65,27.7
OI000686,O000231,P00268,1,21979.6,38.4
OI000687,O000681,P00254,4,19177.99,34.6
OI000688,O000283,P00464,3,9932.01,26.7
OI000689,O000014,P00052,4,14899.78,23.6
OI000690,O000800,P00424,4,25138.62,15.0
OI000691,O000392,P00022,5,25162.35,25.7
OI000692,O000783,P00123,3,21308.23,24.2
OI000693,O000041,P00178,4,17243.01,20.9
OI000694,O000644,P00382,4,866.65,22.7
OI000695,O000102,P00150,4,21898.82,34.0
OI000696,O000353,P00181,2,23532.92,13.0
OI000697,O000788,P00407,2,23147.19,21.9
OI000698,O000357,P00400,2,25713.73,13.4
OI000699,O000234,P00163,3,21686.03,25.6
OI000700,O000191,P00388,4,25693.68,19.4
OI000701,O000371,P00387,2,9750.52,4.5
OI000702,O000718,P00329,5,16841.65,7.1
OI000703,O000096,P00047,5,19929.39,34.1
OI000704,O000363,P00204,2,3198.42,38.2
OI000705,O000301,P00315,5,9782.71,9.0
OI000706,O000159,P00342,-3,6811.61,27.8
OI000707,O000451,P00332,2,8974.11,38.6
OI000708,O000450,P00213,5,17085.76,16.5
OI000709,O000643,P00295,4,21231.7,39.3
OI000710,O000380,P00187,2,10776.52,38.3
OI000711,O000720,P00127,5,2988.98,36.7
OI000712,O000549,P00161,1,18162.34,28.8
OI000713,O000568,P00421,2,17270.35,2.1
OI000714,O000447,P00034,-2,13509.2,26.0
OI000715,O000724,P00076,1,2055.84,28.8
OI000716,O000746,P00015,5,21156.11,37.7
OI000717,O000463,P00159,5,9209.37,9.3
OI000718,O000417,P00074,5,17647.49,34.5
OI000719,O000773,P00184,5,29322.88,24.6
OI000720,O000751,P00100,2,23234.65,39.6
OI000721,O000507,P00374,1,2915.43,16.1
OI000722,O000418,P00196,4,10364.53,3.8
OI000723,O000259,P00256,1,12102.69,9.1
OI000724,O000348,P00232,1,709.98,24.2
OI000725,O000383,P00049,-2,29555.35,0.5
OI000726,O000582,P00289,3,28675.78,7.5
OI000727,O000224,P00500,3,20527.11,6.2
OI000728,O000452,P00362,2,24449.41,17.8
OI000729,O000124,P00414,3,3322.47,27.3
OI000730,O000103,P00255,2,29920.52,36.8
OI000731,O000562,P00426,4,28325.93,26.7
OI000732,O000145,P00123,4,12188.11,14.3
OI000733,O000676,P00363,5,15643.33,26.5
OI000734,O000589,P00360,5,22732.01,25.7
OI000735,O000782,P00102,3,12846.94,17.4
OI000736,O000107,P00165,5,11725.38,19.9
OI000737,O000701,P00358,1,1344.81,37.9
OI000738,O000585,P00278,2,22203.79,21.4
OI000739,O000193,P00181,5,24779.29,34.9
OI000740,O000183,P00261,3,1437.15,8.6
OI000741,O000227,P00365,3,6187.89,8.3
OI000742,O000391,P00106,1,241.69,9.6
OI000743,O000182,P00200,2,25149.84,1.8
OI000744,O000685,P00133,4,21334.16,36.1
OI000745,O000670,P00378,3,405.8,32.9
OI000746,O000195,P00419,4,411.85,27.7
OI000747,O000132,P00340,2,3519.97,6.4
OI000748,O000550,P00168,2,7769.32,27.2
OI000749,O000550,P00147,3,7918.83,30.4
OI000750,O000207,P00487,1,14989.22,5.1
OI000751,O000112,P00058,2,11703.11,3.3
OI000752,O000447,P00316,3,4368.49,23.9
OI000753,O000786,P00499,2,21774.81,1.8
OI000754,O000257,P00472,2,6099.41,25.8
OI000755,O000299,P00259,1,18853.69,13.4
OI000756,O000452,P00036,2,8705.42,6.4
OI000757,O000115,P00351,1,16074.79,24.7
OI000758,O000380,P00020,2,20561.07,103.9
OI000759,O000581,P00062,2,1152.34,21.8
OI000760,O000488,P00480,5,8545.81,24.6
OI000761,O000700,P00252,5,29405.92,25.5
OI000762,O000466,P00275,3,8677.22,29.2
OI000763,O000264,P00452,2,726.02,32.2
OI000764,O000728,P00451,5,29625.93,5.0
OI000765,O000416,P00216,4,13624.12,38.1
OI000766,O000682,P00205,2,6256.86,8.7
OI000767,O000747,P00338,5,13954.94,34.5
OI000768,O000315,P00110,4,3348.64,26.1
OI000769,O000794,P00446,5,6062.35,13.5
OI000770,O000530,P00222,2,812.68,8.3
OI000771,O000764,P00349,5,19273.02,23.0
OI000772,O000325,P00240,2,4003.6,37.3
OI000773,O000628,P00272,1,23630.17,3.4
OI000774,O000055,P00170,1,27063.93,8.1
OI000775,O000068,P00186,5,17545.11,33.1
OI000776,O000297,P00156,1,4878.39,35.2
OI000777,O000634,P00210,2,18897.61,28.0
OI000778,O000256,P00500,1,4484.72,17.8
OI000779,O000391,P00243,4,23037.43,23.4
OI000780,O000452,P00300,5,26830.24,38.8
OI000781,O000348,P00044,3,4134.81,12.0
OI000782,O000685,P00101,3,23804.18,31.5
OI000783,O000507,P00009,5,12590.39,6.8
OI000784,O000287,P00267,1,27183.92,2.1
OI000785,O000460,P00222,3,22524.93,30.4
OI000786,O000565,P00017,2,27803.7,0.4
OI000787,O000205,P00464,4,1175.9,26.9
OI000788,O000525,P00438,4,10329.65,37.7
OI000789,O000501,P00145,3,13551.24,26.9
OI000790,O000522,P00459,-1,3942.92,30.5
OI000791,O000067,P00079,5,23388.41,34.5
OI000792,O000350,P00446,5,17524.37,38.6
OI000793,O000339,P00403,1,1779.38,5.5
OI000794,O000191,P00047,-1,23768.62,9.3
OI000795,O000329,P00321,5,24544.77,28.3
OI000796,O000481,P00148,5,1931.86,7.4
OI000797,O000203,P00135,2,17305.48,7.6
OI000798,O000193,P00096,3,6908.69,15.8
OI000799,O000423,P00260,3,7603.4,13.8
OI000800,O900005,P00145,2,1977.21,13.8
OI000801,O000441,P00041,-4,22353.63,3.5
OI000802,O000371,P00358,5,2069.78,10.5
OI000803,O000761,P00416,4,9077.39,19.6
OI000804,O000234,P00301,2,10651.56,18.6
OI000805,O000413,P00238,4,4348.28,30.0
OI000806,O000143,P00404,3,26120.49,6.0
OI000807,O000678,P00464,2,28386.68,8.7
OI000808,O000278,P00173,-2,11827.73,12.1
OI000809,O000234,P00098,4,15024.19,17.4
OI000810,O000682,P00031,3,2100.49,12.9
OI000811,O000241,P00266,4,12548.73,0.5
OI000812,O000646,P00160,5,3743.24,5.2
OI000813,O000706,P00443,2,29115.88,2.5
OI000814,O000215,P00484,3,27313.37,36.1
OI000815,O000488,P00403,3,17358.87,13.2
OI000816,O000330,P00401,5,6944.91,23.7
OI000817,O000501,P00289,4,9472.46,35.2
OI000818,O000330,P00042,5,18117.73,35.6
OI000819,O000461,P00200,2,8358.69,5.7
OI000820,O000253,P00115,1,24762.62,19.3
OI000821,O000328,P00249,3,16135.67,33.0
OI000822,O000612,P00310,1,1910.83,35.4
OI000823,O000255,P00405,4,24575.74,0.4
OI000824,O000026,P00015,4,14001.69,36.4
OI000825,O000569,P00081,5,9491.2,37.5
OI000826,O000622,P00233,3,3943.22,38.2
OI000827,O000566,P00245,3,24970.95,15.0
OI000828,O000332,P00203,2,25098.59,1.4
OI000829,O000583,P00021,5,21546.38,5.3
OI000830,O000156,P00053,5,21444.23,3.7
OI000831,O000084,P00212,3,14824.43,21.8
OI000832,O000406,P00356,2,2775.26,8.3
OI000833,O000268,P00117,2,20537.31,1.0
OI000834,O000491,P00022,1,7056.7,6.1
OI000835,O000331,P00199,-4,22989.55,19.7
OI000836,O000564,P00035,1,1176.57,9.2
OI000837,O000083,P00298,3,24888.2,15.9
OI000838,O900005,P00137,5,11713.75,33.4
OI000839,O000201,P00168,3,19548.83,18.1
OI000840,O000688,P00263,4,3469.54,15.5
OI000841,O000211,P00103,5,9028.43,27.6
OI000842,O000311,P00185,4,18820.92,22.7
OI000843,O000524,P00013,-3,24904.66,34.4
OI000844,O000398,P00369,3,11783.56,30.2
OI000845,O000612,P00147,2,3307.12,0.0
OI000846,O000012,P00485,3,9173.05,15.3
OI000847,O000055,P00189,2,29131.11,29.7
OI000848,O000670,P00012,3,26965.8,12.1
OI000849,O000210,P00062,1,27968.09,7.0
OI000850,O000467,P00446,5,8266.72,0.9
OI000851,O000709,P00079,2,20372.78,1.2
OI000852,O000423,P00090,1,1416.61,2.5
OI000853,O000289,P00369,4,8091.8,26.8
OI000854,O000707,P00230,1,1419.28,22.5
OI000855,O000720,P00251,2,22301.53,11.5
OI000856,O000484,P00279,2,27064.44,29.0
OI000857,O000655,P00178,4,12113.2,18.7
OI000858,O000689,P00385,4,12293.99,38.5
OI000859,O000141,P00171,3,13577.99,21.6
OI000860,O000352,P00260,2,16252.31,33.3
OI000861,O000143,P00418,2,11950.87,32.9
OI000862,O000558,P00022,5,220.81,37.4
OI000863,O000233,P00351,3,9832.07,33.5
OI000864,O000536,P00337,4,10598.92,16.3
OI000865,O000656,P00330,4,20848.89,30.1
OI000866,O000517,P00410,1,27483.73,27.8
OI000867,O000311,P00423,2,2987.96,32.6
OI000868,O000124,P00107,2,20446.4,2.7
OI000869,O000367,P00339,-4,17967.07,13.7
OI000870,O000635,P00302,4,17840.75,27.2
OI000871,O000360,P00016,3,25849.13,15.4
OI000872,O000706,P00301,5,28478.76,27.4
OI000873,O000500,P00389,1,16357.68,3.3
OI000874,O000097,P00233,4,7317.22,39.4
OI000875,O000796,P00361,4,12377.15,0.4
OI000876,O000800,P00015,5,15111.97,18.5
OI000877,O000549,P00335,1,3618.29,20.7
OI000878,O000167,P00021,3,12859.27,27.5
OI000879,O000494,P00249,-2,23294.63,32.3
OI000880,O000045,P00155,2,25980.41,23.3
OI000881,O000718,P00486,1,4262.24,29.6
OI000882,O000449,P00255,3,12956.21,28.3
OI000883,O000557,P00055,4,8439.18,22.3
OI000884,O000270,P00450,3,15262.7,9.7
OI000885,O000025,P00083,1,19972.76,17.8
OI000886,O000270,P00245,1,19722.25,23.3
OI000887,O000208,P00076,3,21074.07,0.4
OI000888,O000116,P00269,3,364.84,35.2
OI000889,O000492,P00411,2,14295.31,19.1
OI000890,O000649,P00322,5,2220.46,26.7
OI000891,O000779,P00035,4,29622.12,22.6
OI000892,O000641,P00186,2,12251.1,30.1
OI000893,O000405,P00015,2,27930.32,15.6
OI000894,O000767,P00465,2,28486.7,20.4
OI000895,O000651,P00081,2,8700.07,30.9
OI000896,O000068,P00288,1,23333.74,30.9
OI000897,O000288,P00238,3,16105.2,13.1
OI000898,O000524,P00250,4,25201.28,23.6
OI000899,O000614,P00339,5,10178.55,27.7
OI000900,O000632,P00324,1,8119.53,10.9
OI000901,O000321,P00475,3,17023.85,13.9
OI000902,O000531,P00347,4,17973.04,26.8
OI000903,O000143,P00411,3,20610.79,28.5
OI000904,O000474,P00298,5,21765.32,35.0
OI000905,O000649,P00426,3,19459.57,19.9
OI000906,O000278,P00478,5,10307.84,10.2
OI000907,O000386,P00417,5,197.69,7.6
OI000908,O000466,P00479,5,8385.04,22.7
OI000909,O000438,P00322,4,14343.41,15.5
OI000910,O000371,P00390,1,2201.37,4.3
OI000911,O000099,P00474,4,26750.22,22.7
OI000912,O000640,P00369,3,7296.34,8.8
OI000913,O000566,P00182,2,16655.94,12.7
OI000914,O000393,P00105,5,28638.75,3.6
OI000915,O000277,P00415,4,7461.17,16.3
OI000916,O000178,P00470,2,194.73,26.8
OI000917,O000396,P00229,2,25433.74,16.3
OI000918,O000394,P00436,5,788.5,30.6
OI000919,O000448,P00405,5,719.4,20.3
OI000920,O000211,P00191,2,18068.51,28.0
OI000921,O000213,P00112,3,8296.84,28.6
OI000922,O000481,P00492,1,16942.94,25.8
OI000923,O000023,P00200,5,11491.03,19.6
OI000924,O000092,P00224,3,8146.74,36.5
OI000925,O000225,P00438,5,18013.25,32.4
OI000926,O000374,P00025,2,27483.91,3.7
OI000927,O000082,P00269,3,8865.27,34.3
OI000928,O000235,P00210,3,2096.69,34.9
OI000929,O000759,P00091,3,28266.28,35.8
OI000930,O000201,P00309,1,3135.16,32.7
OI000931,O000474,P00284,3,4666.29,37.3
OI000932,O900003,P00393,3,719.47,20.2
OI000933,O000050,P00241,2,7333.57,24.4
OI000934,O000474,P00126,4,3385.3,9.9
OI000935,O000069,P00194,-2,13877.1,32.0
OI000936,O000555,P00372,4,14051.94,25.9
OI000937,O000592,P00368,4,15751.77,16.3
OI000938,O000038,P00106,1,11088.29,11.9
OI000939,O000385,P00154,-3,14667.93,30.0
OI000940,O000769,P00076,4,23736.68,30.0
OI000941,O000251,P00073,1,27119.54,10.1
OI000942,O000381,P00452,2,12532.42,2.1
OI000943,O000104,P00152,3,14006.17,15.5
OI000944,O000613,P00151,3,16593.04,1.6
OI000945,O000070,P00181,3,27667.36,6.6
OI000946,O000729,P00288,3,15334.25,25.2
OI000947,O000343,P00409,5,18691.0,11.4
OI000948,O000127,P00453,4,13058.9,20.6
OI000949,O000767,P00290,5,29047.07,37.3
OI000950,O000451,P00375,3,22887.05,7.9
OI000951,O000226,P00022,1,28611.43,7.8
OI000952,O000156,P00219,5,29713.75,8.4
OI000953,O000039,P00136,4,6650.92,36.6
OI000954,O000117,P00041,4,10347.84,29.1
OI000955,O000265,P00296,5,27049.65,29.7
OI000956,O000160,P00342,5,8441.04,23.8
OI000957,O000023,P00223,4,28204.21,12.0
OI000958,O000053,P00488,5,25907.46,4.3
OI000959,O000225,P00451,2,4682.42,3.9
OI000960,O000761,P00205,4,9042.63,9.7
OI000961,O000679,P00034,3,1801.4,16.2
OI000962,O000032,P00171,3,7146.9,35.2
OI000963,O000603,P00110,4,7129.83,9.7
OI000964,O000613,P00168,5,2578.06,3.3
OI000965,O900007,P00253,1,23828.32,27.9
OI000966,O000483,P00091,1,29512.66,14.7
OI000967,O000366,P00342,5,5040.12,12.4
OI000968,O000085,P00021,-5,27684.28,31.6
OI000969,O000503,P00056,3,18501.51,21.0
OI000970,O000067,P00237,5,4806.08,31.0
OI000971,O000230,P00353,3,25579.48,26.6
OI000972,O000368,P00488,5,19639.33,32.6
OI000973,O000317,P00342,3,13892.47,28.1
OI000974,O000121,P00076,1,3870.68,28.9
OI000975,O000328,P00297,2,13116.51,4.9
OI000976,O000566,P00374,5,21302.41,35.8
OI000977,O000401,P00099,3,1038.25,34.1
OI000978,O000510,P00238,4,25890.97,18.0
OI000979,O000725,P00217,3,22570.27,34.7
OI000980,O000169,P00489,3,14658.14,39.5
OI000981,O000246,P00263,5,8408.08,8.1
OI000982,O000010,P00324,3,24026.24,124.7
OI000983,O000514,P00104,2,20442.64,34.3
OI000984,O000401,P00456,5,18412.67,24.5
OI000985,O000041,P00233,5,16209.89,30.2
OI000986,O000418,P00302,1,26359.21,37.2
OI000987,O000237,P00473,3,6764.7,10.6
OI000988,O000235,P00343,5,8034.44,21.2
OI000989,O000461,P00123,-4,1528.14,3.0
OI000990,O000560,P00482,-4,26069.52,29.3
OI000991,O000788,P00308,1,17447.27,21.4
OI000992,O000241,P00474,4,9924.76,21.8
OI000993,O000082,P00169,2,718.66,5.2
OI000994,O000674,P00150,3,27188.04,8.2
OI000995,O000296,P00159,5,19206.78,3.0
OI000996,O000004,P00489,2,23133.15,30.3
OI000997,O000784,P00232,3,23003.39,31.2
OI000998,O000685,P00315,3,10752.15,3.7
OI000999,O000559,P00484,3,27336.51,24.8
OI001000,O000065,P00084,2,15710.39,27.6
OI001001,O000776,P00324,-3,25619.84,31.7
OI001002,O000795,P00416,4,5785.3,25.5
OI001003,O000069,P00500,2,28020.51,31.2
OI001004,O000330,P00329,3,1354.74,118.4
OI001005,O000382,P00333,3,25141.82,38.8
OI001006,O000099,P00305,5,3583.17,5.4
OI001007,O000744,P00390,3,24343.8,31.4
OI001008,O000550,P00421,4,25773.84,2.2
OI001009,O000141,P00357,3,29978.49,11.2
OI001010,O000544,P00187,1,22184.99,16.3
OI001011,O000190,P00365,1,27949.17,24.1
OI001012,O000098,P00500,3,9617.52,4.9
OI001013,O000081,P00119,1,25259.87,22.0
OI001014,O000730,P00282,5,16427.33,36.3
OI001015,O000414,P00386,1,26351.13,3.7
OI001016,O000141,P00036,1,17690.3,4.3
OI001017,O000370,P00208,5,4848.33,37.6
OI001018,O000343,P00087,2,17113.56,34.7
OI001019,O000224,P00374,2,28723.02,34.6
OI001020,O000006,P00349,5,17343.05,29.2
OI001021,O000244,P00031,4,20039.78,7.7
OI001022,O000415,P00499,5,17392.12,10.8
OI001023,O000724,P00216,3,14980.55,39.1
OI001024,O000260,P00354,2,24451.94,23.2
OI001025,O000729,P00021,2,22371.92,29.3
OI001026,O000224,P00142,1,19590.4,28.7
OI001027,O000110,P00175,2,4494.93,25.9
OI001028,O000421,P00194,5,13358.01,8.1
OI001029,O000362,P00097,2,28479.38,17.5
OI001030,O000163,P00032,1,15776.03,8.2
OI001031,O000291,P00144,2,511.65,31.4
OI001032,O000357,P00156,2,20684.08,11.0
OI001033,O000165,P00246,2,4091.25,31.2
OI001034,O000565,P00261,2,21665.16,20.9
OI001035,O000675,P00265,3,706.96,22.7
OI001036,O000290,P00130,2,20086.56,22.2
OI001037,O000543,P00472,2,29325.81,0.1
OI001038,O000707,P00395,5,10304.76,19.2
OI001039,O000739,P00392,4,24157.34,23.4
OI001040,O000617,P00290,5,11459.65,25.0
OI001041,O000345,P00183,4,16021.33,19.7
OI001042,O000707,P00040,1,4196.17,16.4
OI001043,O000548,P00379,1,29694.26,21.9
OI001044,O000220,P00112,3,7768.05,36.7
OI001045,O000659,P00302,4,2895.14,36.9
OI001046,O000257,P00406,5,18910.3,30.4
OI001047,O000555,P00086,1,14737.53,39.7
OI001048,O000103,P00046,5,27751.85,11.1
OI001049,O000366,P00386,4,5012.4,29.6
OI001050,O000684,P00141,2,4792.93,29.5
OI001051,O000215,P00102,2,1932.13,18.0
OI001052,O000744,P00468,2,22722.02,30.4
OI001053,O000705,P00033,2,327.92,15.0
OI001054,O000431,P00056,1,6432.38,6.1
OI001055,O000171,P00137,5,26526.48,21.2
OI001056,O000600,P00169,4,29916.81,21.3
OI001057,O000436,P00089,5,13407.77,12.6
OI001058,O000791,P00428,1,8936.47,30.9
OI001059,O000596,P00060,2,6969.16,28.0
OI001060,O000491,P00203,5,24519.46,2.1
OI001061,O000130,P00124,1,18246.35,35.4
OI001062,O000348,P00269,5,7908.09,22.0
OI001063,O000503,P00436,2,23721.84,28.0
OI001064,O000453,P00037,4,16447.12,29.5
OI001065,O000283,P00434,-3,22987.84,31.2
OI001066,O000741,P00016,1,22751.0,32.3
OI001067,O000195,P00247,1,26839.4,25.9
OI001068,O000620,P00014,2,9454.04,26.9
OI001069,O000297,P00386,3,2642.71,32.5
OI001070,O000489,P00148,4,23062.81,6.0
OI001071,O000637,P00404,1,14119.34,20.3
OI001072,O000051,P00002,3,11399.08,25.5
OI001073,O000282,P00272,2,16933.75,9.4
OI001074,O000234,P00165,3,11049.7,32.9
OI001075,O000043,P00283,1,1685.8,8.3
OI001076,O000572,P00236,5,29962.36,30.9
OI001077,O000539,P00095,2,8107.54,1.9
OI001078,O000542,P00064,5,22181.34,10.5
OI001079,O000660,P00091,5,15003.57,37.2
OI001080,O000783,P00097,5,12051.29,9.7
OI001081,O000410,P00317,3,15699.53,25.8
OI001082,O000305,P00082,1,12652.01,28.7
OI001083,O000542,P00221,2,28827.13,10.1
OI001084,O000400,P00150,4,28389.64,14.9
OI001085,O000192,P00207,2,11134.52,21.7
OI001086,O000747,P00012,1,9301.11,31.7
OI001087,O000544,P00259,1,21950.32,14.7
OI001088,O000183,P00426,3,29177.04,18.6
OI001089,O000705,P00175,1,19208.53,39.7
OI001090,O000222,P00107,3,15833.75,23.5
OI001091,O000746,P00114,2,2792.72,28.5
OI001092,O000127,P00279,1,6038.7,23.7
OI001093,O000222,P00069,4,29983.36,1.6
OI001094,O000079,P00490,1,18395.07,20.2
OI001095,O000399,P00049,4,25765.52,31.2
OI001096,O000009,P00006,2,894.42,32.4
OI001097,O000425,P00058,5,17956.18,37.0
OI001098,O000484,P00327,4,8581.11,39.2
OI001099,O000426,P00470,1,20435.61,15.7
OI001100,O000060,P00040,3,24274.56,34.8
OI001101,O000112,P00277,3,11970.36,19.1
OI001102,O000775,P00209,2,21716.33,37.7
OI001103,O000076,P00123,4,10197.07,3.1
OI001104,O000764,P00439,3,16129.54,37.6
OI001105,O000022,P00399,3,28074.21,17.1
OI001106,O000532,P00356,1,3950.71,31.2
OI001107,O000198,P00448,1,6175.15,15.6
OI001108,O000782,P00014,4,13723.3,12.8
OI001109,O000180,P00394,2,10281.95,2.1
OI001110,O000447,P00293,1,25438.21,17.0
OI001111,O000637,P00108,5,8782.98,38.5
OI001112,O000568,P00003,5,23429.27,13.7
OI001113,O000564,P00378,5,1479.01,9.3
OI001114,O000055,P00053,3,20849.62,24.2
OI001115,O000579,P00298,1,8644.36,7.3
OI001116,O000262,P00299,2,17975.73,22.9
OI001117,O000640,P00294,4,19737.46,33.2
OI001118,O000764,P00374,4,15714.15,5.8
OI001119,O000653,P00488,5,9977.58,4.1
OI001120,O000318,P00292,5,25719.36,38.1
OI001121,O000800,P00414,2,4324.64,38.8
OI001122,O000057,P00209,5,29701.68,18.9
OI001123,O000783,P00214,1,5300.05,8.6
OI001124,O000234,P00267,5,20137.38,24.1
OI001125,O000533,P00071,5,25095.54,39.2
OI001126,O000418,P00455,1,27077.23,22.7
OI001127,O000151,P00208,5,16380.56,5.9
OI001128,O000564,P00196,5,12267.06,2.9
OI001129,O000494,P00415,4,24935.36,35.3
OI001130,O000322,P00293,3,22537.61,10.1
OI001131,O000555,P00077,2,23217.03,34.0
OI001132,O000031,P00427,2,6789.67,0.3
OI001133,O000401,P00465,4,1749.01,33.3
OI001134,O000077,P00042,2,10111.75,38.8
OI001135,O000068,P00193,5,19483.73,3.2
OI001136,O000756,P00165,1,23232.26,34.5
OI001137,O000454,P00329,4,1603.95,14.7
OI001138,O000508,P00226,4,11783.07,2.3
OI001139,O000744,P00207,4,17929.73,13.8
OI001140,O000504,P00372,4,27700.39,39.3
OI001141,O000069,P00394,-3,28103.58,27.0
OI001142,O000204,P00104,4,28123.53,38.2
OI001143,O000176,P00104,3,12099.24,18.7
OI001144,O000210,P00435,2,2449.98,6.5
OI001145,O000433,P00122,5,9600.9,18.7
OI001146,O000386,P00063,2,2322.65,26.7
OI001147,O000051,P00372,2,9758.38,5.6
OI001148,O000097,P00221,3,1681.71,18.1
OI001149,O000408,P00241,5,4339.02,18.5
OI001150,O000175,P00469,2,25035.34,25.6
OI001151,O000604,P00275,2,5882.22,20.8
OI001152,O000560,P00175,4,20634.7,17.5
OI001153,O000238,P00448,5,3538.07,20.6
OI001154,O000419,P00015,3,22533.11,38.4
OI001155,O000603,P00279,4,27820.45,4.8
OI001156,O000509,P00121,4,24247.41,34.4
OI001157,O000386,P00277,2,25236.35,7.2
OI001158,O000164,P00045,4,19820.7,0.6
OI001159,O000108,P00352,3,4595.18,2.9
OI001160,O000075,P00293,2,11998.12,18.3
OI001161,O000605,P00274,3,18740.77,21.7
OI001162,O000163,P00065,1,23971.71,38.1
OI001163,O000556,P00222,5,7598.06,38.8
OI001164,O000621,P00173,5,18922.53,25.9
OI001165,O000559,P00260,4,22560.11,1.4
OI001166,O000184,P00121,5,11775.84,7.8
OI001167,O000027,P00479,5,11475.4,3.1
OI001168,O000680,P00499,4,16012.7,15.4
OI001169,O000447,P00259,4,4702.07,33.4
OI001170,O000506,P00384,1,16011.01,132.5
OI001171,O000244,P00189,1,26502.31,26.5
OI001172,O000400,P00196,5,13753.4,1.5
OI001173,O000555,P00091,3,8122.84,7.3
OI001174,O000404,P00101,2,24475.27,11.8
OI001175,O000137,P00350,5,25417.62,31.6
OI001176,O000200,P00280,5,10271.56,6.6
OI001177,O000336,P00096,5,21700.38,37.3
OI001178,O000399,P00086,5,28387.34,8.9
OI001179,O000623,P00401,3,25827.46,37.6
OI001180,O000379,P00188,1,14740.0,10.5
OI001181,O000333,P00009,5,14684.27,27.2
OI001182,O000199,P00157,5,20295.26,20.5
OI001183,O000116,P00468,4,5027.97,8.0
OI001184,O000242,P00138,1,10990.29,15.8
OI001185,O000111,P00168,3,6576.22,6.9
OI001186,O000430,P00244,5,23984.23,17.9
OI001187,O000636,P00137,2,19335.03,4.4
OI001188,O000037,P00398,3,11549.68,21.2
OI001189,O000537,P00243,5,22001.8,5.3
OI001190,O000133,P00121,5,25707.96,13.9
OI001191,O000339,P00286,4,28670.83,34.6
OI001192,O000773,P00231,5,9029.64,6.7
OI001193,O000346,P00380,3,10252.13,23.5
OI001194,O000325,P00404,5,15110.73,12.2
OI001195,O000085,P00416,4,859.33,37.3
OI001196,O000160,P00411,3,6964.24,25.9
OI001197,O000135,P00330,1,26067.7,2.8
OI001198,O000035,P00268,2,12827.92,29.5
OI001199,O000292,P00436,5,11553.72,23.5
OI001200,O000512,P00494,2,26976.18,31.6
OI001201,O000424,P00077,1,25394.3,39.4
OI001202,O000295,P00108,1,24181.0,6.9
OI001203,O000755,P00069,2,3876.23,24.3
OI001204,O000642,P00157,5,11376.97,0.3
OI001205,O000269,P00251,2,16627.11,13.8
OI001206,O000414,P00266,1,5390.54,7.2
OI001207,O000267,P00383,3,8042.35,5.4
OI001208,O000034,P00167,2,15376.75,31.0
OI001209,O000674,P00284,2,11835.62,22.0
OI001210,O000124,P00331,4,13769.29,8.6
OI001211,O000223,P00475,5,29001.94,38.3
OI001212,O000177,P00080,5,27298.28,8.6
OI001213,O000104,P00376,4,19751.69,23.4
OI001214,O000564,P00074,2,9820.57,14.5
OI001215,O000554,P00105,3,9311.04,16.7
OI001216,O000755,P00381,4,24266.43,11.6
OI001217,O000268,P00444,3,28597.01,19.9
OI001218,O000458,P00310,5,5685.16,7.0
OI001219,O000253,P00342,5,15857.3,19.9
OI001220,O000335,P00071,5,28379.55,20.8
OI001221,O000692,P00386,1,10992.79,29.2
OI001222,O000193,P00089,1,8032.82,22.2
OI001223,O000477,P00266,5,17110.75,14.0
OI001224,O000722,P00450,3,10785.19,9.5
OI001225,O000769,P00405,1,8416.09,12.1
OI001226,O000587,P00438,5,13860.42,13.9
OI001227,O000746,P00293,-1,4561.54,23.1
OI001228,O000601,P00384,3,2865.0,8.0
OI001229,O000524,P00099,1,5970.35,0.2
OI001230,O000216,P00352,5,18300.05,4.6
OI001231,O000750,P00078,1,3630.57,27.5
OI001232,O000478,P00386,2,18214.54,29.8
OI001233,O000413,P00054,2,1351.35,24.7
OI001234,O000352,P00339,5,27978.83,7.9
OI001235,O000038,P00151,5,11470.48,8.3
OI001236,O000667,P00449,3,3198.52,30.6
OI001237,O000292,P00012,5,18797.92,5.6
OI001238,O900006,P00069,2,11329.75,0.7
OI001239,O000376,P00496,3,25205.42,2.6
OI001240,O000220,P00367,5,3933.28,27.8
OI001241,O000100,P00118,4,8336.31,17.0
OI001242,O000376,P00199,3,3996.97,33.9
OI001243,O000761,P00399,-2,29703.99,37.2
OI001244,O000166,P00246,2,8410.13,6.7
OI001245,O000739,P00494,1,25872.73,0.9
OI001246,O000289,P00272,1,7905.75,34.6
OI001247,O000658,P00004,2,26006.98,1.3
OI001248,O000372,P00465,4,16976.41,30.7
OI001249,O000316,P00319,1,17744.67,31.1
OI001250,O000177,P00485,2,25263.2,5.5
OI001251,O000003,P00057,1,23097.79,31.9
OI001252,O000028,P00413,4,3101.28,15.9
OI001253,O000166,P00217,5,492.56,3.9
OI001254,O000110,P00076,5,21621.8,39.0
OI001255,O000201,P00261,1,3139.83,2.2
OI001256,O000049,P00417,3,15967.75,11.0
OI001257,O000180,P00059,-2,16997.42,7.3
OI001258,O000364,P00229,4,17925.19,19.8
OI001259,O000342,P00102,2,4781.88,32.4
OI001260,O000448,P00456,4,4552.52,14.1
OI001261,O000142,P00359,-4,1821.67,10.6
OI001262,O000339,P00321,-5,2127.56,4.7
OI001263,O000479,P00064,3,22495.78,10.5
OI001264,O000566,P00035,5,25751.82,25.2
OI001265,O900004,P00342,1,5246.41,10.2
OI001266,O000604,P00153,5,27884.9,15.8
OI001267,O000655,P00115,1,17750.48,27.4
OI001268,O000570,P00384,3,27251.47,38.2
OI001269,O000051,P00249,4,7522.43,33.2
OI001270,O000216,P00378,5,17894.13,23.3
OI001271,O000457,P00414,1,24694.12,10.6
OI001272,O000677,P00072,1,1624.33,18.4
OI001273,O000109,P00046,4,4834.92,26.6
OI001274,O000643,P00133,1,27067.9,21.8
OI001275,O000379,P00351,5,17904.67,35.4
OI001276,O000151,P00460,1,13389.26,0.9
OI001277,O000602,P00494,3,15295.7,32.6
OI001278,O000409,P00458,3,4233.4,30.3
OI001279,O000365,P00268,5,7070.82,39.3
OI001280,O000012,P00277,2,868.22,21.6
OI001281,O000683,P00048,2,11469.47,3.4
OI001282,O000664,P00343,1,15375.86,20.0
OI001283,O000170,P00308,4,15190.13,18.5
OI001284,O000687,P00477,4,1595.76,1.7
OI001285,O000265,P00464,1,12763.33,14.2
OI001286,O000658,P00128,2,20258.35,32.3
OI001287,O000741,P00194,3,27937.2,23.2
OI001288,O000657,P00204,2,1450.51,24.2
OI001289,O000625,P00193,4,21638.61,37.4
OI001290,O000524,P00160,2,447.3,22.4
OI001291,O000365,P00297,2,12258.27,21.7
OI001292,O000588,P00492,2,12063.9,27.9
OI001293,O000447,P00071,3,4625.03,39.5
OI001294,O000070,P00218,1,1995.96,12.0
OI001295,O000601,P00459,2,22689.18,24.0
OI001296,O000210,P00366,4,6478.98,28.8
OI001297,O000255,P00023,3,15380.2,16.0
OI001298,O000170,P00185,3,14918.2,10.5
OI001299,O000666,P00017,2,8280.64,31.5
OI001300,O000482,P00387,4,27947.6,2.6
OI001301,O000609,P00276,5,18951.56,21.9
OI001302,O000411,P00237,5,8217.81,17.7
OI001303,O000108,P00404,2,18714.17,36.8
OI001304,O000560,P00217,5,18560.46,36.6
OI001305,O000714,P00317,5,27916.26,15.2
OI001306,O000093,P00168,3,29369.0,32.1
OI001307,O000139,P00370,5,1851.78,27.5
OI001308,O000714,P00476,4,1430.2,4.5
OI001309,O000746,P00032,2,16180.74,30.9
OI001310,O000322,P00128,4,19463.79,4.0
OI001311,O000614,P00029,4,1569.64,23.8
OI001312,O000140,P00153,5,7581.51,1.9
OI001313,O000699,P00443,3,22242.75,22.3
OI001314,O000052,P00168,4,529.22,31.6
OI001315,O000373,P00251,4,26784.66,22.8
OI001316,O000327,P00494,2,15242.01,24.3
OI001317,O000379,P00133,4,23520.05,34.2
OI001318,O000718,P00149,1,19015.46,24.1
OI001319,O000010,P00356,4,5683.47,7.0
OI001320,O000463,P00220,4,14271.06,16.0
OI001321,O000400,P00015,1,8499.83,39.3
OI001322,O000516,P00418,3,15560.38,15.5
OI001323,O000550,P00008,1,15536.48,15.8
OI001324,O000131,P00101,1,17906.18,37.7
OI001325,O000014,P00477,3,29827.06,16.3
OI001326,O000436,P00039,2,27593.7,2.1
OI001327,O000778,P00453,4,12959.5,27.9
OI001328,O000546,P00025,4,29213.72,25.4
OI001329,O000527,P00090,3,20185.3,27.8
OI001330,O000260,P00186,3,20307.04,17.2
OI001331,O000668,P00240,3,26109.12,33.8
OI001332,O000199,P00079,4,16164.28,30.6
OI001333,O000636,P00376,1,27044.99,15.9
OI001334,O000661,P00329,2,1018.08,34.7
OI001335,O000174,P00420,1,10673.54,0.5
OI001336,O000069,P00311,4,24818.38,10.2
OI001337,O000396,P00312,2,16405.03,33.2
OI001338,O000339,P00435,2,453.28,34.3
OI001339,O000759,P00054,5,26190.35,17.6
OI001340,O000069,P00432,4,5250.27,10.2
OI001341,O000268,P00135,4,15998.94,32.8
OI001342,O000487,P00309,5,21166.85,22.1
OI001343,O000774,P00467,3,17913.12,5.9
OI001344,O000677,P00131,5,24136.76,22.7
OI001345,O000527,P00398,2,22953.59,24.0
OI001346,O000493,P00297,2,3229.16,33.6
OI001347,O000239,P00019,1,29596.22,21.6
OI001348,O000180,P00138,2,24966.08,25.9
OI001349,O000242,P00122,5,4613.34,4.5
OI001350,O000031,P00201,2,17040.78,39.3
OI001351,O000051,P00365,5,6441.52,5.8
OI001352,O000190,P00118,2,586.7,27.7
OI001353,O000118,P00024,1,18978.23,26.9
OI001354,O000493,P00367,4,16477.46,32.7
OI001355,O000096,P00148,1,7133.43,22.1
OI001356,O000657,P00484,1,22678.0,31.4
OI001357,O000785,P00439,5,5930.12,12.4
OI001358,O000693,P00405,1,6036.82,30.9
OI001359,O000414,P00469,-2,24539.36,11.2
OI001360,O000389,P00225,1,27097.89,1.8
OI001361,O000400,P00217,3,489.95,25.9
OI001362,O000089,P00363,1,26765.09,37.7
OI001363,O900008,P00278,3,18462.14,36.9
OI001364,O000481,P00022,5,11081.8,22.5
OI001365,O000208,P00151,5,16075.45,22.7
OI001366,O000622,P00236,1,16244.07,22.3
OI001367,O000122,P00242,5,19846.31,19.4
OI001368,O000380,P00412,5,10954.34,33.8
OI001369,O000024,P00355,5,766.08,3.5
OI001370,O000368,P00233,5,24948.01,7.5
OI001371,O000567,P00438,1,29413.93,22.9
OI001372,O000473,P00185,3,29148.31,4.7
OI001373,O000093,P00344,2,11614.39,7.4
OI001374,O000661,P00283,2,18295.69,23.7
OI001375,O000182,P00084,2,14378.09,20.5
OI001376,O000725,P00452,3,11056.6,36.6
OI001377,O000698,P00151,3,25066.75,12.8
OI001378,O000592,P00073,2,11078.35,33.2
OI001379,O000752,P00026,1,6664.76,28.2
OI001380,O000055,P00236,2,4166.77,33.9
OI001381,O000167,P00471,5,26633.98,35.4
OI001382,O000498,P00267,5,20696.53,28.7
OI001383,O000430,P00038,4,16313.12,37.2
OI001384,O900002,P00031,3,19280.26,30.1
OI001385,O000381,P00500,1,25330.83,35.4
OI001386,O000089,P00162,2,22451.19,1.7
OI001387,O000452,P00028,5,1411.12,18.5
OI001388,O000697,P00008,1,7767.13,28.0
OI001389,O000517,P00294,3,9884.14,11.7
OI001390,O000582,P00268,4,16704.45,8.5
OI001391,O000610,P00132,3,23003.13,16.5
OI001392,O000739,P00264,2,6145.32,12.4
OI001393,O000790,P00372,1,10035.48,6.1
OI001394,O000413,P00114,2,26782.82,8.5
OI001395,O000369,P00225,3,26451.14,9.7
OI001396,O000543,P00031,4,29372.51,17.4
OI001397,O000603,P00281,2,29894.03,35.6
OI001398,O000561,P00156,2,6912.76,36.8
OI001399,O000306,P00208,2,9992.36,2.1
OI001400,O000722,P00026,4,18634.25,14.1
OI001401,O000211,P00290,2,391.02,1.4
OI001402,O000333,P00055,1,21025.13,29.2
OI001403,O000240,P00052,1,13934.72,20.3
OI001404,O000704,P00010,2,8918.46,37.7
OI001405,O000720,P00091,2,12243.07,24.8
OI001406,O000275,P00358,1,29946.51,35.7
OI001407,O000322,P00402,5,28863.17,0.4
OI001408,O000717,P00471,1,3418.71,8.6
OI001409,O000356,P00495,5,19048.12,24.7
OI001410,O000505,P00052,4,25351.29,18.5
OI001411,O000726,P00381,5,19353.01,36.5
OI001412,O000050,P00005,4,20358.4,8.6
OI001413,O000209,P00354,5,8395.28,5.0
OI001414,O000047,P00260,5,22833.48,2.6
OI001415,O000097,P00490,2,10170.64,24.6
OI001416,O000368,P00178,2,20612.14,13.6
OI001417,O000035,P00031,4,17124.9,23.1
OI001418,O000439,P00483,5,16447.39,28.7
OI001419,O000713,P00459,2,15078.52,27.8
OI001420,O000224,P00340,2,8740.38,23.2
OI001421,O000231,P00011,1,13808.44,30.4
OI001422,O000009,P00112,2,24870.42,2.9
OI001423,O000262,P00067,4,3262.46,21.5
OI001424,O000192,P00339,5,4568.6,31.6
OI001425,O000072,P00008,1,19330.22,35.7
OI001426,O000251,P00003,5,12478.74,10.1
OI001427,O000120,P00046,4,6676.33,5.4
OI001428,O000695,P00172,4,26306.07,22.5
OI001429,O000332,P00439,5,2723.03,23.7
OI001430,O000172,P00203,1,25310.61,16.8
OI001431,O000009,P00453,2,10676.32,7.5
OI001432,O000026,P00356,5,27229.19,4.6
OI001433,O000232,P00366,-5,5752.45,28.0
OI001434,O000623,P00372,2,27216.44,21.0
OI001435,O000501,P00371,1,17009.75,17.3
OI001436,O000217,P00275,3,16562.97,29.2
OI001437,O000475,P00354,4,20752.88,15.3
OI001438,O000769,P00396,3,14414.63,30.6
OI001439,O000069,P00281,4,4721.74,36.3
OI001440,O000522,P00142,3,9398.65,2.1
OI001441,O000173,P00370,4,1713.83,22.0
OI001442,O000641,P00475,2,28370.88,2.4
OI001443,O000286,P00336,2,27744.19,34.4
OI001444,O000369,P00296,5,21062.91,26.9
OI001445,O000131,P00019,2,8382.25,28.6
OI001446,O000134,P00368,4,25529.55,5.1
OI001447,O000736,P00100,1,22803.19,20.1
OI001448,O000417,P00130,4,20497.24,33.0
OI001449,O000237,P00479,4,10740.18,36.1
OI001450,O000136,P00394,1,19587.66,39.6
OI001451,O000703,P00381,1,11405.79,24.3
OI001452,O000768,P00490,5,28328.96,1.2
OI001453,O000555,P00421,3,11674.27,6.5
OI001454,O000208,P00481,1,518.36,2.2
OI001455,O000428,P00431,4,22618.97,35.6
OI001456,O000157,P00044,5,11872.12,14.5
OI001457,O000782,P00402,3,1181.71,38.6
OI001458,O000314,P00310,2,17069.83,13.8
OI001459,O000172,P00233,2,5151.4,5.4
OI001460,O000303,P00496,2,23596.33,26.6
OI001461,O000671,P00285,3,4624.04,27.2
OI001462,O000041,P00274,4,17864.14,27.5
OI001463,O000418,P00076,2,27232.45,28.4
OI001464,O000390,P00135,2,10231.18,9.6
OI001465,O000289,P00485,4,5681.1,14.6
OI001466,O000231,P00126,3,28485.98,1.4
OI001467,O000724,P00428,3,15917.16,16.2
OI001468,O000379,P00443,4,11773.09,27.6
OI001469,O000465,P00206,5,21644.51,39.6
OI001470,O000651,P00172,2,7273.88,14.8
OI001471,O000403,P00198,5,11531.0,32.3
OI001472,O000130,P00041,2,11161.18,21.4
OI001473,O000634,P00470,3,24461.5,7.4
OI001474,O000381,P00295,4,25342.76,7.3
OI001475,O000465,P00446,3,11101.49,28.7
OI001476,O000395,P00063,3,20064.17,10.6
OI001477,O000162,P00482,4,9099.82,12.7
OI001478,O000058,P00232,5,19767.79,18.3
OI001479,O000019,P00016,5,21953.03,19.8
OI001480,O000172,P00073,1,21923.69,17.9
OI001481,O000326,P00081,2,29086.88,11.2
OI001482,O000518,P00409,4,25339.83,26.0
OI001483,O000510,P00100,2,28019.39,27.1
OI001484,O000350,P00449,2,13396.82,18.1
OI001485,O000332,P00209,2,201.82,11.1
OI001486,O000782,P00323,3,24428.77,37.3
OI001487,O000377,P00167,5,1464.35,1.0
OI001488,O000183,P00374,2,5670.63,18.5
OI001489,O000436,P00014,5,29033.02,27.7
OI001490,O000782,P00204,5,20854.42,19.8
OI001491,O000125,P00102,4,10596.83,6.2
OI001492,O000739,P00014,5,17310.84,25.2
OI001493,O000131,P00369,3,10632.24,35.7
OI001494,O000241,P00076,2,20827.43,32.6
OI001495,O000535,P00309,5,8691.15,34.1
OI001496,O000228,P00401,3,6876.45,17.1
OI001497,O000481,P00204,1,16581.69,18.4
OI001498,O000510,P00404,1,24227.08,33.2
OI001499,O000015,P00252,1,3083.32,25.8
OI001500,O000228,P00458,5,19000.39,7.3
OI001501,O000683,P00407,4,22885.14,21.4
OI001502,O000206,P00167,4,4017.62,8.4
OI001503,O000708,P00079,2,27597.32,20.3
OI001504,O000300,P00130,2,29712.65,34.3
OI001505,O000681,P00351,2,28754.79,16.2
OI001506,O000633,P00173,2,1574.34,15.6
OI001507,O000740,P00246,2,19467.85,21.3
OI001508,O000504,P00142,1,288.76,26.8
OI001509,O000313,P00396,1,9786.37,0.5
OI001510,O000395,P00090,4,15310.67,11.5
OI001511,O000738,P00243,3,9483.55,11.1
OI001512,O000258,P00292,1,28109.83,26.4
OI001513,O000738,P00138,1,23016.17,26.9
OI001514,O000584,P00478,1,11341.66,39.4
OI001515,O000509,P00184,2,24122.5,32.4
OI001516,O000163,P00342,1,26019.63,19.8
OI001517,O000154,P00158,1,17190.05,30.1
OI001518,O000414,P00237,5,13671.71,1.5
OI001519,O000076,P00085,4,14567.79,3.2
OI001520,O000136,P00225,4,946.72,38.4
OI001521,O000548,P00319,4,12668.66,9.5
OI001522,O000647,P00351,5,20978.68,12.4
OI001523,O000789,P00196,3,1023.23,20.5
OI001524,O000343,P00094,2,1465.85,4.8
OI001525,O000794,P00179,4,8241.39,11.3
OI001526,O000291,P00246,1,135.6,16.8
OI001527,O000317,P00279,4,9002.54,17.9
OI001528,O000092,P00215,2,10492.01,27.6
OI001529,O000034,P00012,4,9510.57,8.8
OI001530,O000396,P00500,3,18532.12,38.5
OI001531,O000651,P00290,3,20908.77,8.9
OI001532,O000608,P00239,1,10557.96,6.5
OI001533,O000212,P00219,3,2443.06,12.6
OI001534,O000574,P00431,5,18390.55,13.9
OI001535,O000254,P00153,3,26252.3,37.7
OI001536,O000727,P00132,1,9230.04,4.9
OI001537,O000251,P00386,5,21200.05,34.3
OI001538,O000232,P00295,3,7987.45,21.0
OI001539,O000575,P00088,2,17840.3,20.0
OI001540,O000741,P00479,2,20103.33,21.3
OI001541,O000277,P00052,2,29023.41,39.9
OI001542,O000063,P00354,2,14414.24,1.7
OI001543,O000532,P00179,2,21321.69,16.5
OI001544,O000136,P00440,2,403.8,12.1
OI001545,O000391,P00476,1,18367.06,22.7
OI001546,O000755,P00448,3,23385.68,8.2
OI001547,O000403,P00443,3,17887.68,7.6
OI001548,O000483,P00494,1,12964.3,32.2
OI001549,O000071,P00134,3,5755.66,27.8
OI001550,O000075,P00115,5,1536.93,8.2
OI001551,O000418,P00081,2,7534.96,12.4
OI001552,O000213,P00336,-1,7036.52,18.0
OI001553,O000710,P00346,4,16254.14,1.1
OI001554,O000667,P00161,2,8489.34,30.1
OI001555,O000670,P00046,4,8652.79,18.6
OI001556,O000213,P00431,3,6928.59,31.8
OI001557,O000168,P00083,5,8481.89,15.6
OI001558,O000748,P00447,2,4090.95,39.8
OI001559,O000140,P00009,2,17251.15,4.3
OI001560,O900001,P00113,2,14106.54,2.7
OI001561,O000439,P00402,4,24491.97,17.5
OI001562,O000625,P00313,3,9524.14,35.9
OI001563,O000380,P00108,1,27114.99,36.4
OI001564,O000265,P00418,4,968.4,10.8
OI001565,O000048,P00066,5,2136.23,38.9
OI001566,O000790,P00009,1,4975.02,6.5
OI001567,O000383,P00030,4,21694.15,36.7
OI001568,O000474,P00374,1,14340.98,25.4
OI001569,O000424,P00055,5,18061.53,34.5
OI001570,O000369,P00328,5,26184.68,17.6
OI001571,O000152,P00174,5,2016.26,6.2
OI001572,O000599,P00401,3,22771.66,11.3
OI001573,O000758,P00076,2,18853.31,18.1
OI001574,O000191,P00052,2,29381.86,4.8
OI001575,O000242,P00357,3,16628.69,32.3
OI001576,O000076,P00233,1,14593.46,27.7
OI001577,O000613,P00078,3,29151.57,24.7
OI001578,O000326,P00377,1,5262.64,5.7
OI001579,O000261,P00128,2,5535.46,0.9
OI001580,O000116,P00193,2,9683.03,32.4
OI001581,O000197,P00466,2,145.08,21.6
OI001582,O000302,P00155,4,25022.06,12.2
OI001583,O000614,P00298,-3,13992.29,32.2
OI001584,O000700,P00194,5,2234.01,30.6
OI001585,O000459,P00255,3,27122.84,15.9
OI001586,O000613,P00380,3,8113.42,18.1
OI001587,O000175,P00082,3,624.35,3.2
OI001588,O000146,P00415,5,19658.18,22.9
OI001589,O000293,P00060,1,25954.09,37.2
OI001590,O000606,P00163,3,21063.83,16.1
OI001591,O000738,P00416,2,5253.58,24.9
OI001592,O000185,P00022,4,10123.21,10.4
OI001593,O000565,P00174,1,21743.16,8.9
OI001594,O000045,P00140,5,25544.64,28.2
OI001595,O000086,P00091,2,24882.19,31.3
OI001596,O000679,P00467,1,16195.96,34.8
OI001597,O000412,P00153,1,17527.19,21.2
OI001598,O000399,P00159,3,25131.43,26.9
OI001599,O000584,P00476,5,14985.06,25.5
OI001600,O000534,P00168,4,8524.89,34.8
OI001601,O000122,P00306,4,6609.57,26.3
OI001602,O000447,P00415,2,5879.91,0.7
OI001603,O000168,P00314,3,23895.55,4.5
OI001604,O000582,P00396,1,25894.76,17.9
OI001605,O000625,P00305,5,20750.58,3.9
OI001606,O000114,P00377,-5,6658.27,17.3
OI001607,O000764,P00087,1,10500.28,7.9
OI001608,O000558,P00203,2,215.08,25.3
OI001609,O000251,P00454,5,16540.02,0.1
OI001610,O000428,P00432,5,23372.77,30.7
OI001611,O000547,P00358,4,13775.92,17.4
OI001612,O000570,P00456,2,15097.89,35.7
OI001613,O000209,P00110,4,22434.82,20.2
OI001614,O000556,P00468,4,13700.79,9.9
OI001615,O000112,P00001,1,19948.34,31.6
OI001616,O000624,P00079,1,25489.55,29.2
OI001617,O000473,P00378,5,1992.69,19.1
OI001618,O000718,P00011,4,14520.13,15.4
OI001619,O000645,P00371,3,5094.74,25.4
OI001620,O000670,P00417,3,2344.3,5.1
OI001621,O000120,P00236,5,10635.06,23.7
OI001622,O000253,P00278,3,14974.61,29.4
OI001623,O000750,P00078,4,20908.34,32.9
OI001624,O000627,P00446,3,2916.6,12.9
OI001625,O000608,P00290,2,6783.12,10.9
OI001626,O000783,P00228,3,17422.01,24.3
OI001627,O000147,P00392,5,17748.94,39.9
OI001628,O000634,P00203,-4,215.03,31.3
OI001629,O000510,P00131,5,18572.43,22.8
OI001630,O000522,P00100,5,25424.7,4.5
OI001631,O000470,P00266,3,22018.98,21.5
OI001632,O000300,P00398,5,8030.11,12.6
OI001633,O000656,P00264,4,9867.34,6.8
OI001634,O000168,P00205,2,1268.63,16.0
OI001635,O000019,P00431,5,16085.77,10.1
OI001636,O000001,P00285,5,5779.62,26.6
OI001637,O000683,P00418,5,18603.75,29.5
OI001638,O000109,P00284,3,25978.26,0.6
OI001639,O000380,P00469,1,6464.34,27.2
OI001640,O000413,P00053,5,23378.77,14.2
OI001641,O000367,P00199,3,7905.67,22.6
OI001642,O000681,P00433,3,17127.52,20.1
OI001643,O000020,P00335,1,4943.66,35.1
OI001644,O000647,P00385,2,26667.81,4.9
OI001645,O000311,P00487,3,17899.65,1.7
OI001646,O000433,P00287,4,11289.33,12.0
OI001647,O000797,P00065,1,10391.37,23.9
OI001648,O000436,P00394,2,25667.74,5.0
OI001649,O000651,P00332,3,979.05,20.0
OI001650,O000555,P00148,3,6762.84,17.5
OI001651,O000238,P00274,2,14724.06,3.3
OI001652,O000357,P00112,1,24884.09,36.0
OI001653,O000404,P00066,2,27922.5,2.7
OI001654,O000798,P00328,2,13953.1,6.3
OI001655,O000559,P00375,2,16714.98,28.5
OI001656,O000186,P00300,3,25266.77,5.6
OI001657,O000119,P00258,3,18486.94,17.9
OI001658,O000542,P00437,1,18018.66,10.3
OI001659,O000236,P00392,3,10763.0,5.6
OI001660,O000762,P00437,3,23705.17,18.4
OI001661,O000585,P00236,2,25437.42,24.1
OI001662,O000523,P00274,1,3831.87,8.7
OI001663,O000705,P00103,2,15682.85,24.0
OI001664,O000526,P00243,5,5334.97,36.5
OI001665,O000492,P00279,4,8628.71,22.2
OI001666,O000321,P00093,1,9241.31,13.1
OI001667,O000747,P00116,4,23549.04,2.0
OI001668,O000365,P00218,4,8448.57,15.3
OI001669,O000761,P00194,2,11984.97,37.3
OI001670,O000406,P00070,5,7782.88,15.0
OI001671,O000350,P00027,5,17616.53,1.2
OI001672,O000610,P00284,3,17365.44,21.3
OI001673,O000726,P00175,2,2641.03,23.8
OI001674,O000295,P00088,3,22110.06,20.6
OI001675,O000687,P00315,4,13197.41,22.4
OI001676,O000503,P00169,5,15644.99,37.8
OI001677,O000053,P00092,2,22381.25,18.5
OI001678,O000679,P00434,1,9047.27,21.6
OI001679,O000463,P00461,1,27794.28,30.0
OI001680,O000269,P00474,3,23718.24,31.8
OI001681,O000164,P00268,4,3233.85,7.3
OI001682,O000541,P00258,3,25482.75,4.6
OI001683,O000504,P00428,5,28363.27,13.5
OI001684,O000756,P00408,5,26007.34,33.7
OI001685,O000108,P00228,4,11175.16,5.9
OI001686,O000600,P00107,2,11272.7,25.1
OI001687,O000552,P00385,1,13993.92,30.0
OI001688,O000200,P00065,-4,22357.95,4.9
OI001689,O000011,P00128,5,17247.81,19.0
OI001690,O000358,P00063,2,1363.65,2.4
OI001691,O000104,P00439,5,1377.22,13.1
OI001692,O000732,P00237,2,27182.73,37.3
OI001693,O000211,P00195,4,13252.14,8.7
OI001694,O000411,P00291,2,7335.64,24.7
OI001695,O000558,P00165,4,19022.79,11.7
OI001696,O000343,P00441,4,7258.32,19.5
OI001697,O000119,P00052,4,11847.33,27.2
OI001698,O000521,P00467,2,5533.15,1.1
OI001699,O000785,P00333,4,10359.15,10.0
OI001700,O000262,P00132,1,20520.43,3.1
OI001701,O000714,P00237,3,6221.66,21.4
OI001702,O000420,P00425,3,11261.82,5.0
OI001703,O000002,P00070,4,347.35,5.7
OI001704,O000522,P00447,1,7848.98,10.8
OI001705,O000236,P00304,3,27804.29,23.0
OI001706,O000508,P00206,3,25830.85,26.4
OI001707,O000004,P00292,2,16143.77,34.3
OI001708,O000784,P00139,3,10583.09,34.2
OI001709,O000337,P00276,4,14779.7,18.1
OI001710,O000436,P00413,5,29555.07,31.6
OI001711,O000278,P00398,1,28418.62,23.6
OI001712,O000520,P00253,2,13351.31,29.9
OI001713,O000240,P00110,4,14299.4,0.6
OI001714,O000009,P00310,1,3470.24,38.1
OI001715,O000430,P00497,1,3918.72,5.3
OI001716,O000041,P00474,3,25436.73,34.5
OI001717,O000036,P00371,3,4105.12,10.7
OI001718,O000725,P00354,4,25182.08,10.9
OI001719,O000381,P00400,2,19333.07,2.4
OI001720,O000102,P00489,2,8383.73,38.1
OI001721,O000572,P00244,2,29490.61,34.6
OI001722,O000182,P00192,1,25275.26,31.7
OI001723,O000711,P00331,2,3080.4,21.3
OI001724,O000313,P00196,5,20657.51,8.6
OI001725,O000409,P00230,2,27906.02,31.2
OI001726,O000243,P00201,4,2195.35,14.4
OI001727,O000032,P00006,3,18186.96,1.2
OI001728,O000342,P00490,5,877.31,18.5
OI001729,O000771,P00399,1,5232.79,3.7
OI001730,O000580,P00022,5,2359.56,15.6
OI001731,O000260,P00162,3,23791.18,40.0
OI001732,O000071,P00243,1,9261.16,16.3
OI001733,O000231,P00389,3,23616.9,36.1
OI001734,O000664,P00204,1,5514.4,36.5
OI001735,O000751,P00468,1,9222.22,32.9
OI001736,O000185,P00193,-5,20264.65,16.8
OI001737,O000231,P00473,2,2459.19,18.6
OI001738,O000025,P00497,2,10413.9,27.7
OI001739,O000392,P00019,2,17291.68,4.4
OI001740,O000094,P00088,4,12197.64,30.3
OI001741,O000549,P00454,4,16724.48,31.6
OI001742,O000432,P00065,2,29973.91,36.3
OI001743,O000468,P00133,1,6998.57,32.8
OI001744,O000579,P00057,5,8818.12,33.9
OI001745,O000045,P00026,4,21810.38,21.2
OI001746,O000207,P00202,5,18797.28,33.3
OI001747,O000286,P00277,3,8185.53,37.8
OI001748,O000230,P00294,5,8302.2,7.5
OI001749,O900002,P00086,2,14800.87,37.6
OI001750,O000337,P00001,2,159.15,0.8
OI001751,O000299,P00381,4,17852.94,126.5
OI001752,O000582,P00047,1,12245.19,0.1
OI001753,O000095,P00197,5,18870.49,32.8
OI001754,O000468,P00380,5,28357.62,23.1
OI001755,O000046,P00199,1,22018.35,12.0
OI001756,O000561,P00218,4,11716.39,1.6
OI001757,O000604,P00264,3,7546.33,4.7
OI001758,O000457,P00043,1,2646.37,3.7
OI001759,O000711,P00133,3,22800.96,38.5
OI001760,O000194,P00326,3,19975.45,2.7
OI001761,O000285,P00212,-4,9717.38,37.7
OI001762,O000596,P00456,3,13015.08,5.9
OI001763,O000142,P00137,1,21219.57,21.6
OI001764,O000142,P00335,2,17934.26,30.7
OI001765,O000401,P00073,1,15073.83,2.8
OI001766,O000140,P00240,2,10819.48,38.8
OI001767,O000228,P00177,-4,8910.31,6.4
OI001768,O000143,P00283,3,3574.24,16.7
OI001769,O000647,P00499,3,635.18,26.6
OI001770,O000033,P00032,4,6649.99,10.6
OI001771,O000131,P00288,2,13802.61,1.2
OI001772,O000180,P00103,2,29707.14,25.1
OI001773,O000031,P00336,3,21488.37,0.5
OI001774,O000333,P00115,3,21789.64,38.8
OI001775,O000148,P00226,4,25578.69,12.0
OI001776,O000637,P00046,3,11041.93,28.8
OI001777,O000750,P00159,4,7858.24,14.0
OI001778,O000420,P00274,2,9603.72,4.1
OI001779,O000685,P00488,2,29607.28,20.4
OI001780,O000397,P00479,3,23516.83,38.1
OI001781,O000079,P00490,5,26527.84,16.4
OI001782,O000277,P00405,5,14065.74,3.2
OI001783,O000213,P00186,1,29251.52,4.4
OI001784,O000495,P00155,2,9464.89,10.9
OI001785,O000744,P00215,4,28429.48,6.0
OI001786,O000259,P00310,3,7777.66,31.4
OI001787,O000708,P00142,3,2729.45,4.9
OI001788,O000793,P00101,5,15982.77,133.8
OI001789,O000231,P00173,5,15063.24,34.6
OI001790,O000541,P00265,3,12651.29,0.9
OI001791,O000793,P00010,3,24515.1,39.7
OI001792,O000380,P00160,2,8441.08,32.1
OI001793,O000122,P00363,4,18377.89,38.0
OI001794,O000246,P00255,2,21926.43,34.9
OI001795,O000208,P00084,1,6129.17,23.8
OI001796,O000619,P00468,1,24246.87,1.3
OI001797,O000487,P00417,1,22531.35,19.9
OI001798,O000781,P00334,5,23442.16,4.2
OI001799,O000160,P00390,3,18543.49,30.1
OI001800,O000101,P00298,3,19120.36,32.9
